id,raw
9000,"Qp,Kp,Sp"
9001,"Qp,Pp"
9002,Kp
9003,"Kp,Sp,Qp"
9004,"Gp*,Fp"
9005,Pp
9006,"Qp,Pp"
9007,"Sp,Fp"
9008,"Gn,Pn"
9009,"Gp,Fp,Qp"
9010,Gn
9011,"Fp,Kp"
9012,"Kp,Gp,Pp,Qp,Fp"
9013,"Qp,Gp,Kp,Sp"
9014,"Sp,Pn"
9015,"Gp,Qp,Fp,Pp"
9016,"Qp,Fp"
9017,"Gp,Qp,Pp"
9018,"Qp,Gp,Pp"
9019,"Kn,Qp"
9020,"Bp,Qp,Gp,Px"
9021,"Pp*,Fp"
9022,"Kp,Qp,Fp,Sp"
9023,"Qp,Sp,Gp,Kp"
9024,"Qp,Bn,Pn"
9025,"Kp,Qp,Sp"
9026,"Qp*,Fp"
9027,"Qp,Fp"
9028,"Qp,Fp,Sp,Pp"
9029,"Qn,Bp"
9030,"Kp,Sp,Qp,Pp*,Fp"
9031,"Qn,Sn,Gn"
9032,"Fp,Qn"
9033,Bn
9034,"Fn,Pn"
9035,"Kp,Qp,Sp"
9036,"Qp,Fp,Kn"
9037,Qp
9038,Qn
9039,Qp
9040,"Qp,Sp"
9041,"Qp,Bn"
9042,Sx
9043,Kp
9044,"Fp,Sp"
9045,"Kp,Pn,Fp,Gp"
9046,"Qp,Kp,Sp"
9047,"Pn,Bn"
9048,"Gp,Fp"
9049,"Pp,Bp,Qp"
9050,"Kp,Sp"
9051,"Kp,Qp,Pp"
9052,"Qp,Pp"
9053,"Bn,Qn"
