id,text,pool_label,source
9000,"kalabalık aileler için mükemmel bir ürün, hızlı teslim edildi, servis hemen kurulumunu yaptı. hiç bir sorun yaşamadım, tavsiye ederim.",pozitif,hedefli:satici
9001,eşim sürpriz hediye olarak aldı bana. harika kullanışlı bir ürün. kullanma kılavuzu sizi yönlendiriyor. kumaşı yerleştirin pedala basın o işini yapsın.  40 yıl evvel annemin de ceyizinde bir singer varmış.  nerden nereye. .,pozitif,hedefli:satici
9002,"eşim 37 haftalık hamile. birkaç çatlağı var, yorumlara bakarak aldık. i̇nşallah faydasını görürüz. satıcı:eczanekapında kısa sürede kargoladı ve paketide sağlamdı. teşekkür ederim.",pozitif,hedefli:satici
9003,telefon sağlam ve eksiksiz olarak bir günde elime ulaştı.hiçbir sorunu yok.teşekkür ederim.,pozitif,hedefli:satici
9004,"ürünü aldım, resimdeki kadar olmasa da eve güzel bir manzara resmi farkı yansıyor, tavsiye ederim şahsen, bu fiyata ii",pozitif,hedefli:gorunum
9005,gayet aydınlatıyor. led enerji tasarrufu parlak. 2 tanesi en büyük odayı aydınlatır. i̇çiniz rahat olsun. 1 tanesi bile ideal olabilir. enerji tasarruflu (20w) twister (2 adet toplam 40 w) yerine bunun 1 adeti (10w) denk geldi.,pozitif,hedefli:boyut
9006,bu ürünü alalı yaklaşık 10 gün oldu harika bir telefon dokunmatiği ve menü geçişleri çok güzel yeni alışmaya çalışıyorum saygılar herkese tavsiye ederim,pozitif,rastgele
9007,öncelikle satıcı ve firma çok ilgili.ürüne gelince kampanyalı fiyatına göre mükemmel.kesinliklen tavsiye ediyorum.,pozitif,hedefli:satici
9008,urun resimdeki gibi degil ayakkabilari koyduktan sonra kaldirinca hepsi birbirine giriyor.tutma kollarida yok,negatif,hedefli:gorunum
9009,ürün renkleri çok canlı aynı resimdeki gibi bu fiyata kesinlikle alınır biz eşimle bebekten önce oynadık istediğiniz oyuncağı takabilirsiniz kumaş kaliteli daha ne olsun,pozitif,hedefli:gorunum
9010,resim sunta üzerine resim basılmış çok basit duruyor.,negatif,hedefli:gorunum
9011,"söylenecek çok şey yok aslında; kampanya var ve güzel fiyat, kargo bedava, daha ne olsun :) teşekkürler hepsiburada; küçük şeyler için böyle kolaylıklar sağladığın için.",pozitif,hedefli:boyut
9012,ürünü sabah saat 12:00 sipariş verdim saat 20:00 da bana ulaştı gerçekten jet servis teşekkürler hb :)  süpürgeyi açıp hemen denedim bi kere çok şık  emiş gücü güzel beklentimi karşıladı ayrıca fiyat olarakta çok iyi resimde görüldüğü gibi,pozitif,hedefli:satici
9013,ürün beklediğim gibi çıktı çok şık bir saat. paketleme çok özenli kaşeli fatura ve garanti belgesi içinde ayrıca satıcı firmanın kendi şık poşetide kolinin içinde geldi. teslimat sürecide cok hızlı mersine 2 günde geldi.  çok teşekkürler..,pozitif,hedefli:satici
9014,"telefon aynen soylendigi gibi geldi,tek sorun hafıza,bize kalan 24gb bana yetmeyecegini dusunup 64gb olanı almak icin iade ettim,hic sorun cıkarmadılar,bu konuda hepsiburada yı tek gecerim,benim icin en guvenilir alısveris sitesi..",pozitif,hedefli:satici
9015,gayet şık ve kaliteli. servis ile de görüştüm. birebir vestel. piyasa gereği isim değişik. fiyat olarak gayet uygun. sessiz. tavsiye ederim,pozitif,hedefli:satici
9016,aldıgım ürün gayetnkullanışlı bir ürün herkese tavsiye ederim bu ürünü alırken düşünmenize gerek yok hem uygun hemde kaliteli. bu ürün her eve lazım,pozitif,rastgele
9017,şık ve işini yapan bir ürün hızlı şarj harika,pozitif,hedefli:gorunum
9018,telefon cpk guzel kaliteli şık hızlı şarjı iyi gıdıyor bence kacırmayın androıd telefona para verıpte yazık etmeyın,pozitif,hedefli:gorunum
9019,ürünler bir haftada geldi. teslim aşamasındaki kargo firması hariç hersey güzel. lastikler 38/2016 üretim tarihli geldi. gâyet güzel ilk kez kış lastiği kullanacağım.  nokiani çok methettiler. pişman  olmayacağım diye umut ediyorum.,pozitif,hedefli:satici
9020,"yaklaşık 1 yıldır kullanıyorum ürün küçük, sağlam ve şık sadece usb 2.0 bellekler yavaş olduğu için hızlı bir bellek arayanlara usb 3.0 öneririm.",pozitif,hedefli:gorunum
9021,"çok okunaklı bir saati var fakat bazı eksikleride yok değil , termometresin de farklılıklar bulunuyor civalı termometre ile oda sıcaaklığını ölçümdüm 1 derce fark var haberiniz olsun ama almaya değer bir saat.",negatif,hedefli:satici
9022,ürün bir kaç gün önce gönderildi. primayı kullananlar bilirler zaten kalitesini. birde bu hepsi burada nın güvencesi ile olunca işler değişir. 50 m uzaklıkta bulunan büyük bir marketteki fiyatı ile arasında çok büyük fark var. kargo ücreti olmamasıda extra.,pozitif,hedefli:boyut
9023,"urun guzel orjinal bi saat, orjinal kutusu, kullanim klavuzu ve garanti belgesiyle geldi. koldaki durusu gayet guzel. paketlemeleride guzel baya sarilmis hasar almasin diye, zaten caminin uzerine 2 tane jelatin cekilmis cizilmesin diye. gonul rahayligiyla alinabilinir.",pozitif,hedefli:satici
9024,"evet ütü gerçekten iyi... bi kaç olumsuz yönleri... biraz ağır, su damlatmıyor diyorlar ama su damlatıyor,",pozitif,hedefli:boyut
9025,cihaz zamanında yurt içi kargadan teslim aldım cıhaz tam istedigim gibi cıhaz uzerinde servis ve destek firmalarının telefon ve adrelleri mevcut güven veriyor cihazı ilk kullanım itibarı ile tam işime göre teşekkürler hepsi burada,pozitif,hedefli:satici
9026,bu eldiveni yeni aldım eldiven gerçekten sağlam ama üretici firmada biraz işçilik problemi var eldiveni elinize taktıgınız zaman kesik olan parmak uçlarını ayri büyrü yapmışlar böyle bir kesim olmasa çok daha güzel olurduama bu paraya bu ürün,pozitif,hedefli:satici
9027,ürünün kalitesini tartismaya gerek yok ve fiyat cok ucuz teşekkürler hepsiburada.,pozitif,rastgele
9028,merhabalar makinayı gecen hafta aldık çok menmunuz fiyatıda çok uygun garanti süresi 3 yıl. deterjanı iyi alıyor çok temiz ve pırıl pırıl yıkıyor kesinlikle tavsiye ederiz.,pozitif,hedefli:satici
9029,önceki modeller gibi çizilmeye oldukça müsait. bu gibi şeyler sizin için öenmliyse kılıfla kullanmanızda yarar var. kablosu öncekilere göre uzun. neredeyse iki katı kadar diyebilirim.,pozitif,rastgele
9030,hızlı kargo iyi hizmet hbcom a teşekkürler.  ürün gayet iyi sorun yok kurulumu ilk kurduktan sonra basit. ancak kurulum klavuzu yetersiz.  daha fazla para verip aynı özellikte başka ürün almanıza gerek yok. tavsiye ederim.,pozitif,hedefli:satici
9031,birleşme yerleri ve vida delik yerleri hatalı delikler birbirini tutmuyor vida kapama yapışkanlar yok vidalar yüzeyde görünüyor,negatif,hedefli:gorunum
9032,ama fıyatı otekılere gore okadar uygunkı bu tarz problemler olacagını goze alarak satın aldık. bende yorumları okuyarak satın alan bırı oldgm ıcın yazmak ıstedım.,negatif,rastgele
9033,su hazne kısmı 15-18 cm genişliğinde  bi karış var yok yani çok küçük.. tavsiye etmem büyük boyutunu bulursanız alın..,negatif,hedefli:boyut
9034,verdiğiniz paraya değmez dandik kamera ve düşük işlemci hızı,negatif,rastgele
9035,bu ürünü yegenim için aldım çıkış tarihinde çıktı ve ertesi gün teslim aldım şuanda hiç bir sorun yok katalokta olduğu gibi eksiksiz teslim aldım,pozitif,hedefli:satici
9036,"i̇craat anlamında muazzam bir ütü, verdiğiniz paraya pişman olmayacaksınız.  21 aralık indirimde aldım. 3 gün boyunca evime 1 km uzaklıktaki kargo acentesinde beklemesi dışında bi eksiklik yok. teşekkürler.",pozitif,hedefli:satici
9037,alman kurdum kuru mama yemezdi her zaman bizim yediğimiz yemeklerden isterdi şimdi kuru mama verdiğimde konserveyi üstüne dökmemi heyecanla bekliyor.,pozitif,rastgele
9038,3 yıl önce aldım 2. yılın bitiminde servise gitti. 3. yılda pert oldu . başka ütü deneyin bence,negatif,hedefli:satici
9039,her şeyi ayağımıza getirdiği için hepsiburada ya çok teşekkür ederim. mangalı evvelki gün kullandım bize güzel bir mangal keyfi yaşattı. tavsiye derim.,pozitif,rastgele
9040,"açıkçası ürün içeriği konusundaki bir iki kötü yorum okuyunca içimde tereddüt oluşmuştu fakat hepsiburada müşteri hizmetleri sayewsinde bunuda halledebildim, hepsne çok teşekkür ederim, bana göre bir bayana alınabilecek harika bir ürün. hizmet hızı ve memnuniyet harikaaa.",pozitif,hedefli:satici
9041,ürün güzel fakat alırken kapınızın boyunu falan ölçün ona göre alın bizim kapıya büyük geldi.ama genel olarak kaliteli bir ürün.,pozitif,hedefli:boyut
9042,"kutu içeriği: 1 tane şarj aleti, 1 tane kulaklık, 1'er tane yedek kulaklık silikonları, garanti belgesi, telefon ve kullanma kılavuzu",pozitif,hedefli:satici
9043,gönderen firmaya teşekkürler sağlam ve sıkıntısız teslim aldım,pozitif,hedefli:satici
9044,"32"" televizyonlar arasında fiyat/performans olarak daha iyisini bulamadım. siparişinde de bir sorun yaşamadım. bu arada ayrıca askı aparatı almanıza gerek yok servis ucretsiz olarak duvara monte ediyor.",pozitif,hedefli:satici
9045,ürün kısa zamanda teslim edildi.montajı biraz uzun sürdü.ama bu fiyata gayet sık ve güzel duruyor.,pozitif,hedefli:gorunum
9046,ürün hakkında yorum yapmaya gerek yok malum ürün gayet güzel ve kullanışlı fakat satıcının hızlı bir şekilde göndermesi beni acıkçası şaşırttı dürüst ve güvenilir satıcı çok teşekkür ediyorum hayır işler .,pozitif,hedefli:satici
9047,eksileri: çok sert lastik yağmurlu havada süratli iken 2 defa kaydırdı beni allahtan toparladım.çok ağır bence. farkli marka lastiklerin kış ve yaz lastiklerinden çok ağır,negatif,hedefli:boyut
9048,çok pahalı ve şık duran bir ürün. odanızın mobilyası buna yakın veya daha açık ton ise odayı zengin gösteriyor. fiyatına göre çok ucuz.,pozitif,hedefli:gorunum
9049,pratik küçük ve işe yarar tavsiye ederim. sonuçta kalite marka,pozitif,hedefli:boyut
9050,ürünüm siparişimden 2 gün sonra elimde oldu. teşekkürler gerçekten hızlı servisi var diğer siteler ile karşılaş tıralamaz hepsibuarada gerçekten iyi bir site,pozitif,hedefli:satici
9051,öncelikle bu kadar hızlı kargo yapılacağını tahmin bile edemezdim parfüm müthiş hoş kokusu hafif ve etkileyici kalıcılığı bir o kadar güzel,pozitif,hedefli:boyut
9052,ürün elime geçtiği günden beri büyük süpürgemi neredeyse hiç açmadım elimin altında hemen süpürüyorum bebekleri olanlar için süper ve pratik bi süpürge emiş gücüde iyi almanızı tavsiye ederim...,pozitif,hedefli:boyut
9053,"küçük ve kalitesiz matkap uçları idare eder, birkaçta dübel konulmuş. alet çantası olarak kullanılabileceğini düşünmüyorum, ancak hafif ürünler konulabilir.",negatif,hedefli:boyut
9054,büyük ve küçük boyutlu led lcd plazma tvler için gerçekten ideal fiyat olarak gayet güzel montaj ve gerekli aparatlar yanında sadece del ve tak okadar.,pozitif,hedefli:boyut
9055,"bu fiyata bu kaliteyi almak gerçekten çok güzel, askere giderken ucuz bir saat almak niyetiyle aldım fakat bekletilerimin ötesinde bir kalite ve şıklıkla karşılaştım, kolumdan hiç çıkarmıyorum hafif ve rahat, ayrıca dayanıklı....",pozitif,hedefli:boyut
9056,samsung galaksy ace s5830i yi alırken önce tereddüt ettim ama şimdi çok memnunum herkese tavsiye ederim zaten bu makine en çok satılan makinelerin içinde ilk sırada şık kullanımı kolay hafif gören ipon mu diyor:),pozitif,hedefli:boyut
9057,"denemek amacı ile çok kısa kullandım, üst ve orta karın bölgesi için gerçekten faydalı olacak gibi gözüküyor.",pozitif,rastgele
9058,güvenilir alışveriş merkezinden güvenilir ürünler diye tarif edilir.ürün çok kısa zamanda ve sağlam olarak elimize geçti.kaliteli ve kullanışlı bir ürün herkese tavsiye ederiz.firmaya teşekkürler...,pozitif,hedefli:satici
9059,"sadece garanti olayını bilmiyorum, allah düşürmesin ama garantilik bir işimiz olursa göreceğimiz muamele iyi mi olur kötümü olur yorum yapamayacağım...",pozitif,hedefli:satici
9060,"kurulumu son derece kolay hiç bir ustalık gerektirmeyen bir mobilya.kurulum şemasına bile gerek  kalmadı.kaplaması son derece kaliteli,tasarım olarak ta gerçekten çok şık duruyor. ürün tüm parçaları eksiksiz ve hasarsız geldi. teşekkürler hb.",pozitif,hedefli:gorunum
9061,bozulan kısa farım için aldım. gayet güzelller. yanlız öyle çok büyük bir fark göremedim.,pozitif,hedefli:boyut
9062,ürün çok şeker ve zarif. kullanımı rahat ofis vb yerler için çok uygun.. biraz gürültülü çalışıyor ama bu alınan fiyata o seste kabul görmeli diye düşünüyorum.,pozitif,hedefli:gorunum
9063,"""ben tefalin ütülerinden çok memnunum tek tercihim ama bu zamana kadarki en iyi ütü olmuş. kireç büyük bir sıkıntıydı benim içinde teşekkürler tefal""",pozitif,hedefli:boyut
9064,ürünü aldım 3 hafta kadardır kullanıyorum o kadar güzel ki şekli bozulmuyor çok şık ve aşırı rahat içi de dışı da güzel herkese tavsiye ederim pişman olma ihtimaliniz yok.,pozitif,hedefli:gorunum
9065,bugüne kadar edindğim çaydanlıkların içinde en iyisi. estetik görünümü yanında gayet ergonomik ve kullanışlı bir ürün. çayı dökerken damlatmıyor ve çabuk ısı kaybetmiyor. i̇htiyacı olanlara tavsiye ederim,pozitif,hedefli:gorunum
9066,"kargo süresi makul.kurulum yerine kadar getirip bıraktı arkadaşlar.yetkili servis de hemen gelip kurdu.makinede henüz 2 kere çamaşır yıkadım.çok az miktarda deterjanla harika bir temizlik elde ediliyor.ses konusunda da gayet iyi.göstergesi ,tuşlar çok kullanışlı.i̇yi günlerde kullanın...",pozitif,hedefli:satici
9067,son derece kullanışlı. boyutları küçük ama kaydırmaz ve her şekle girebilen ayakları sayesinde iyi iş görüyor. eklemleri pek güçlü değil o yüzden ağır makineler ve objektiflerde sorun çıkarabilir. ben mini el kamerasında kullanıyorum onda sorun çıkmıyor.,pozitif,hedefli:boyut
9068,ürün normal şartlarda güzel parlatıyor ama parlaklığını koruyamıyor. ürünü kullandım yerler ıslak iken biraz yol gittim araçtan indiğimde o parlaklığın kalmadığını farkettim.gerisini siz düşünün ama zaten fiyat olarak ta abartı bir fiyat değil.,negatif,hedefli:gorunum
9069,ürünün kordon sistemi hiçte bahsedildiği gibi zor değil. sayfaya eklediğim (-kabul edilirse) görsele bakarsanız kordona takılan iğnenin kordondan nasıl kolayca çıkarılacağı görülecektir.,pozitif,hedefli:gorunum
9070,"a4 boyutunda bir tarafı kareli diğer tarafı düz. ben oğlum için aldım çok fazla kağıt israfı oluyordu şimdi silip tekrar yazılabiliyor. kalemi kurşun kalem gibi biraz ince, çocuklar için daha uygun gibi bence.",pozitif,hedefli:boyut
9071,ürün verdiğiniz paraya fazlasıyla değecek şık bir ürün.,pozitif,hedefli:gorunum
9072,telefonun tasarımı ve dizaynı çok güzel kaliteli metal bir çerçeve kullanılmış. kullanımı çok rahat ve hızlı.teşekkürler.,pozitif,hedefli:gorunum
9073,garanti belgesi üzerindeki garanti̇ geçerli̇li̇k koşullari metninden 2. maddede belirttiğimiz üzere;,pozitif,hedefli:satici
9074,ürünün malzemesi güzel. boyutu da yavrular için büyük ama yetişkin kediler için kullanışlı. ancak normal bir tarak kadar tüy alıyor. beklentinizi çok yükseltmeyin. fiyatına göre iyi. daha pahalı olsa alınmaz...,pozitif,hedefli:boyut
9075,bebek bezidir dedik ve yenidogan evladimiza 5*80 adet siparis vermistim. 1 tanesini kullandik notuni verdik. diger 4 paket icin iade talebinde bulundum,negatif,hedefli:satici
9076,"3. 3gb ram'in aman aman bir avantajını göremedim. bir önceki telefonım 2gb ram idi, eksik kalır yanı yoktu.",pozitif,hedefli:satici
9077,ürün görseli ile birebir aynı . gayet güzel bir dokusu var oğlumun odasında bir numaralı oyuncagı oldu.,pozitif,hedefli:gorunum
9078,usb oldukça kullanışlı ve tasarım olarak harika... hem iyi bir usbim olsun hem de bana ayak bağı olmasın istiyorsanız başka ürün aramayın.,pozitif,hedefli:gorunum
9079,uzun zamandır kullandığım bir ürün. kuaförlerin tercih ettiği bir makine olduğunu söyleyebilirim. çalışmadan kaynaklı herahngi bir arıza meydana gelmedi. düşürdüğüm için bozulduğundan yenisini aldım. garantisi etiketinde garanti süresi 1 yıl yazıyor.,pozitif,hedefli:satici
9080,hızlı eksiksiz geldi kutu ambalajlı ismime faturalı 2 yıl garantili mağazadan nasıl alıyorsan tamamen aynısı şiddetle tavsiye ediyorum bu fiyata kaçırmayın derim kamera profesyonelden farksız hızına söz yok ekran renk canlılıkları kusursuz herşeyiyle harika pili gayet iyi gidiyor,pozitif,hedefli:satici
9081,tam istedigim gibi.. sadece içerisindeki bazi manyetik tutucularda m3 yapıştırıcısız cikiyir.. ama onu de kikifla tlf arasına sikistirarak hallediyorsunuz..,pozitif,rastgele
9082,yaklaşık bir ay oldu alalı çok memnun kaldık tahmin ettiğimizden daha kaliteli ve guzel çıktı. üreten firmaya da hepsi burada ya çok teşekkürler.,pozitif,hedefli:satici
9083,hem boyutu hem kalitesi fiyatina gore cok iyi gayet sessiz stabil çalisiyor sogutmasida gayet yeterli tavsiye ederim,pozitif,hedefli:boyut
9084,elime biraz gecikmeli ulaştı fakat hafif ve güzel bir kokusu var.tavsiye edilebilir.kalıcılığını henüz deneyimlemedim ama alınabilir bir ürün.,pozitif,hedefli:boyut
9085,bugün kargom ulaştı kitabı yarıladım bile sürükleyici ve her sayfasında merak uyandıran bi kitap tavsiye ederim,pozitif,rastgele
9086,"bebedor ısıya dayanıklı biberona göre camı kalın olduğu için çok ağır, alırken bunu değerlendirin derim şahsen ben aldığıma pişman oldum",negatif,hedefli:boyut
9087,hepsiburadaya teşekkür ederim. garanti konusunda da güveniyorum. tereddüt etmeden alabilirsiniz.,pozitif,hedefli:satici
9088,telefon çok büyük ve cebe sığmıyor.sinyal gücüde zayıf. eski telefonumun bile sinyal gücü daha iyiydi.sony iyibir marka ama bu serisini begenmedim.istediğim performansı alamadım.,negatif,hedefli:boyut
9089,çok güzel pişiriyor.köpürmeye başladığı anda otomatik olarak duruyor.malzeme kalitesi güzel.her pişirimde bol köpüklü kahve.üstelik made in turkey.tavsiye edilir.,pozitif,hedefli:gorunum
9090,"ödediğiniz bedeli fazlasıyla hakeden bir ürün. tanınmış markalara yüksek meblağlar vermeye gerek yok. üstelik herhangi bir garanti dışı sorun yaşama durumunda (düşme, ekran kırılma..) parçalarını çin'den çok uygun fiyatlara temin edebiliyorsunuz. (tabi biraz beklemek kaydı ile)",pozitif,hedefli:satici
9091,"kedim için aldım, proplan'a geçtiğim günden beri kedimin tüylerinde gözle görülür değişim var, gayet sağlıklı gözüküyor.",pozitif,hedefli:satici
9092,"hepsiburada gayet hızlı bir şekilde dolabı kargoya verdi, beklentimizi karşıladı. harika bir servis elemanı kurulumuyla kullanmaya başladık/",pozitif,hedefli:satici
9093,siparişim eksiksiz olarak ertesi gün elime ulaştı. teşekkür ederim.,pozitif,hedefli:satici
9094,dış görünüşü de gayet güzel çok güzel de kurutup şekillendirebiliyor..,pozitif,hedefli:gorunum
9095,ben ihtiyacım olan ürünleri almadan araştırma yaparım. en faydalı olanı almaya gayret ederim. bu mikrodalga fırını aldık alalı hiç bir şikayetim olmadı. arkadaşlarıma da aldım. gayet şık tasarımı ve işlevselliği 4 yıldızı hakediyor. alacak olanlara tavsiye ederim.,pozitif,hedefli:gorunum
9096,fiyatına göre çok cazip ve kullanışlı bi ürün. servisinin de müdahale hızı mükemmel kurulumda yaptığımız hatadan dolayı oluşan problemi anaında gidediler.,pozitif,hedefli:satici
9097,ürünü kardesime aldim.boyutlari buyuk olmasina ragmen kesinlikle kaba durmuyor.ele iyi oturuyor.ekran cerceve orani da oldukca basarili.bu fiyat bandinda dusunmeden alinabilir.,pozitif,hedefli:boyut
9098,aldığınız telefonunun çince olduğunu görmek istemiyorsanız sakın ithalatçı garantili almayın. yarım yamalak türkçeleştirilmiş bir android hiç hoş olmamış. ürünü alıp biraz inceledikten sonra hemen geri iade ettim.,negatif,hedefli:satici
9099,kargo biraz bekletti ama değdi gerçekten güzel ve kaliteli telefon yanlız ekran kenarları oval olduğundan kırılmaz cam üzerinde biraz acayip duruyor,pozitif,rastgele
9100,ütü masasının kılıfındali beyazlıkların ne oldugu resimde belli olmıuyor,pozitif,hedefli:gorunum
9101,"çok pratik ve normal süpürgeler gibi iş görüyor. oldukça hafif,yormuyor.",pozitif,hedefli:boyut
9102,"radyo ses kalitesi iyi , rakamlar büyük . i̇çinden çıkan türkçe kullanım kılavuzu yetersiz . ayarları biraz uğraştırıyor ama fonksiyonlar güzel. alarm radyo ile veya zil ile ayarlanabiliyor.",pozitif,hedefli:satici
9103,çok güzel ürün. performans güzel.servis yarım saat içinde gelip bağladı,pozitif,hedefli:satici
9104,ürün kalite olarak gayet iyi.perde uçları özel işlem görmüş şekilde hazır geliyor.telefon ile arayıp ürünü detaylı bir şekilde anlatarak ölçü konusunda tekrar teyit alıyorlar.teşekkürler.,pozitif,hedefli:boyut
9105,ürünü sipariş ettim ertesi gün elime geçti görüntü kalitesi çok güzel kanal geçişleri hızlı sayılır gayet memnun kaldım ben,pozitif,hedefli:gorunum
9106,içinden hediye fitre çıkmıyor ürün resimine bakınca sanıyorsunuz fitre hediye geleçek bedavadan zaten maskenin fiyatı 55-60 civarı filitreyle beraber bu fiyat yani içinden sadece 1 çift filtre çıkıyor 2çift değil.,negatif,hedefli:gorunum
9107,sipariş etmiştim zamanında elime ulaştı ürünün hacmi çok ufak fakat küçük bir parçaya kaynaklama yaptım sonuç mükemmel oldu sertleştikten sonra mikro freze ile kanal açarak dişli sistemini aktif hale getirip çalıştırdım kısacası iş gören bir ürün,pozitif,hedefli:boyut
9108,garaj tavavnı için aldım ihiyacı karşılayacak güzel bir ürün öneririm,pozitif,rastgele
9109,ürün gayet iyi motor olsun tasarım olaun süper ama tek sorun küçük başlık seçeneği olmadığından dar bölgelerde tıraş zorlaşıyor ama ürürnü almaya değer,pozitif,hedefli:boyut
9110,"urun gayet saglam , takmasi kolay. vidalar her boy ve urune gore uc set koyulmus paketteki tek eksik vida pullari yoktu.  samsung 48 inc tv ye uydu",pozitif,hedefli:satici
9111,yetki̇li̇ servi̇sleri̇ne kendi̇ 4lt motul yağimi götürüp bu yaği koymalarini söylüyorum.,pozitif,hedefli:boyut
9112,güvenilir satıcı hızlı gönderi... artık öncelikle canpet e bakıyorum birşey alırken,pozitif,hedefli:satici
9113,çok kaliteli bir ürün beklemeyin. 6 aydır kullanıyorum. pusetin kenarlarındaki tuşları ve pusetin kol kısmı kırıldı. satıcıya resimlerini gönderdim. resimleri incelediği halde cevap bile vermedi. i̇ş görür ama uzun süre kullanımda başınızı ağrıtabilir.,negatif,hedefli:satici
9114,arkadaşım almış ve çok memnun olduğunu söyledi.beraber demleyip içtik ve çayın tadı bozulmuyor hiç çok pratik ve kolay bir kullanımı var. garanti süresinin 4 sene olmasıda çok iyi.bende alıcam kesinlikle.,pozitif,hedefli:satici
9115,ürün gayet güzel 2 günde teslim aldım.siteye ve satıcıya çok teşekkür ederim..,pozitif,hedefli:satici
9116,servis bakımlarında castrol edge kullanılıyordu araştırmalarım sonunda bu yağı almaya karar verdim. çok yüksek beklentide bir fark beklemiyordum sonuçta ikisi de kaliteli marka ancak aracımın şu anda daha sessiz çalıştığını söyleyebilirim. (skoda octavia 1.6 tdi). fiyat olarak hb teşekkürler,pozitif,hedefli:satici
9117,boşverin pahali ürünleri delta neopren dambıl tek kelime ile harika.ben farkli ağırlıklarıni aldim kesinlikle memnunum ve herkese tavsiye ediyorum. teşekkürler h.b.,pozitif,rastgele
9118,aldigim mallar ve servis takibi gercekten cok harikulade.,pozitif,hedefli:satici
9119,"çok kalıcı oldugu soylenmesi biraz yanıltıcı.koku çok cool ancak cok kalıcı değil, zaten parfümde aşırı kalıcılık ona zarar verir.sadece kalıcı parfüm arıyorsanız aradığınız bu değil...",negatif,rastgele
9120,ürün fiyat olarak piyasanın altında kalite olarak fiyatının hakkını veriyor alın ve kesinlikle memnuniyetle kullanın nt mağazalarında ürün mevcut fiyat olarak %50 daha fazla,pozitif,hedefli:satici
9121,satıcıya özellikle teşekkür ederim. şehir dışında olmasına rağmen sipariş verdiğim günün ertesi günü ürün elime ulaştı! paketlemesi kargo için sağlam yapılmış. ürün de çok güzel çok memnunum.,pozitif,hedefli:satici
9122,aracın alt kısmındaki ziftlere uyguladığımda gayet hızlı ve etkin biçimde çıkardı yanlız üstündeki cilayıda alacağından kullanım kılavuzunda belirtildiği üzere uygulama sonrası cila yapılması önemli.,pozitif,hedefli:satici
9123,bileği tutan kısım çok başarılı fakat sadece sol el için tasarlanmış gibi geldi bana. yine de kaliteli bir ürün.,pozitif,rastgele
9124,i̇pana diş macununu hiç sevmedim ağzımda bir film tabakası oluşturdu diş fırçası ve gargaradan memnunum ama beyazlatıcı etkisini göremedim ürün fiyat açısından iyi belki ama en güzeli şarjlı diş fırçası diğerleri promosyon gibi olmuş idare eder düzeyde bence,negatif,hedefli:satici
9125,hepsi burada satıcısından cuma aldım cumartesi elimdeydi güzel ürün. şık kutusu kargoda biraz ezilmiş ama sorun değil.,pozitif,hedefli:satici
9126,ürünün gri renkte olanı geldi. ben yukarıdakini istemiştim. gerçi grisi de güzel... ama tam istediğim gelse daha iyi olurdu...,negatif,hedefli:gorunum
9127,arkadaşlar aldım hemen iade ettim.halıda yürütebilmek için baya bi kuvvete ihtiyaç var.10 yaşındaki oğlum inanın yürütemedi.tekerleklerin yanına saçma bi destek yapmışlar ileri geri yaparken takılıyor.hi̇ç tavsi̇ye etmem.ha bu arada hepsi̇burada ya teşekkür ederim hemen iademi gerçekleştirdiler.,negatif,hedefli:satici
9128,bittikçe alıyoruz. biraz büyük ama bölerek veriyoruz. asla hayır demiyor kırıntıları bile yalıyorr...,pozitif,hedefli:boyut
9129,şu an itibariyle gayet iyi. sadece biraz ışıklı menüleri kullanmak zor görünüyor. kitapçığını yanında tutmak gerekli. bir de sadece sıcak su ekleme özelliği olsaymış çok iyi olacakmış.kahve koyu olunca sıcak suyla açmak iyi olurdu...,pozitif,hedefli:gorunum
9130,"ürün gayet kullanışlı, içerisinden 2 adet aynı renkte çıkıyor. biri farklı renkte olsa daha iyi olurdu. ürün çok küçük değil silerken zorlanmıyorsunuz. alacaklara tavsiye ederim.",pozitif,hedefli:gorunum
9131,wd kalitesi tartışılmaz. bu ürünün aynısını 2 yıldır kullanıyorum.depolama için ideal bir ürün.ürün zaten kendini gösteriyor. gözü kapalı alabilirsiniz. gönderen firmanın paketlemesi çok iyiydi.hepsiburada zaten çok iyi.teşekkürler hepsiburada...,pozitif,hedefli:satici
9132,ürün garantisiyle beraber geldi bütün özellikleri sorunsuz çalışıyor.fiyat olarak çok uygun güzel bir saat.,pozitif,hedefli:satici
9133,buharı üstünde 60 derece sonuç beklediğimden iyi. boyutu biraz buyuk bilginize küçük boyutlu isteyenler 1 lt olanı seçsin.,pozitif,hedefli:boyut
9134,öncelikle yazma sebebim burdan bakıp tereddütü olan arkadaşlar için bilinizki samsung türkiye garantisi ile cihazım geldi orjinal kutusu ve içi açılmamış adamlar sanki hiç açılmıyacak gibi paketlemişler boş yere fazla para vermeyin hepsiburadaya teşekkürler,pozitif,hedefli:satici
9135,"kırılmadan geldi,iyi paketlenmişti.ürün anlatıldığı gibi. net ve parlak gösteriyor.",pozitif,hedefli:gorunum
9136,evet arkadaslar bu cihaz piyasadakilerin en iyilerinden.10400 mah gücünce iki iyi cihaz var biri philips biri bu.ben ikisini de kullanmıs biri olarak diyebilirm ki aynı kapasitedeler.ama philip bundan daha hafif bu ise daha şekil :),pozitif,hedefli:boyut
9137,hafif direnç tercih edenler için ideal fakat diyerlerinin uzunluğu ve eni daha iyi hareketler sırasında eninden dolayı katlanıyor  fiyatına bakmayın alınca iyisi olsun daha kaliteli olanları tavsiye ederim,negatif,hedefli:boyut
9138,mükemmel düşünülmüş bir tasarım harikası adeta kurulumu da bir okadar kolay,pozitif,hedefli:gorunum
9139,"gayet yeterli. bu fiyata 200 hz, uydu alıcılı, 3 yıl garantili,",pozitif,hedefli:satici
9140,telefonu perşembe günü teslim aldım 3 gündür kullanıyorum telefon harika şarjı da eğer çok oyun oynamıyorsanız bir gün gidiyor.internete bağlanma hızı süper bu fiyata bu kalite kaçırmayın derim.,pozitif,rastgele
9141,ürün kaliteli ve aynen resime göründüğü gibi.tesekkurler hepsi burada,pozitif,hedefli:gorunum
9142,ürün görseli iyi sesi normal montaj üçretsiz 444 aradıgınızda fakat içinden uzatma kablosu ckmadı 50-60 cm bir kablo cıktı,pozitif,hedefli:gorunum
9143,ürün bir kaç günde ancak geldi.rengi ve görüntüsü şık.kullanışlı.demlenen çay lezzetli.fiyatı piyasaya göre iyi.tavsiye ederim,pozitif,hedefli:gorunum
9144,ürün gayet sağlıklı bir şekilde elime ulaştı. firmaya teşekkür ederim. hepsi buradyada bu ürünlerle bizi buluşturduğu için teşekkür ederim.,pozitif,hedefli:satici
9145,"ürün kısa sürede elime ulaştı,güvenilir satıcı,piyasa fiyatına göre oldukça makul bir fiyatı var.",pozitif,hedefli:satici
9146,merhaba ürünün bence olumlu özellikleri ürün internette çok hızlı bataryası oyun oynasanız elinden düşürmezsiniz dahi 1 günü rahat çıkartıyor kendi radyosu var extra ses kaliteli.evo garantili.,pozitif,hedefli:satici
9147,"her şişeye uymuyor, bayaa büyük yapmışlar..pakete iki tane aynı boy yerine bir küçük bir büyük koysalarmış daha kullanışlı olurmuş..",negatif,hedefli:boyut
9148,ürün duvarda çok güzel duruyor. bayıldım tavsy ederm .,pozitif,hedefli:gorunum
9149,hiç kullanisli değil telefona takılan küçük lambalar daha çok iş goruyor,negatif,hedefli:boyut
9150,"cihaz dış görünüm, kasa yapısı ve kalitesi olarak premium cihazlarla eşdeğer.(örnek:note5,s7)",pozitif,hedefli:gorunum
9151,"merhaba; ben ürün yorumundan önce hepsiburada.com ailesine, bütün personellerine ve yönetime teşekkürü bir borç sayıyorum. ürün ilk geldiğinde püskürtme başlığı yoktu ve sprey oldukça azdı. sorunu bildirdim, hemen yenisini gönderdiler ve eskisini iade etmemi dahi istemediler.",pozitif,hedefli:satici
9152,tek korkum sahta bir ürün ile karşılaşmaktı amatelefonun imei numarasını kontrol ettim.garantisi sağlam ve gerçek.,pozitif,hedefli:satici
9153,"1 haftadır kurcalıyorum, wi-fi bağlantısı hızlı, 3g hızını deneyemedim, şebeke edge çünkü, sesi gayet başarılı, ekran süper, dokunmatiği yeterli derecede. kamerada flaş olmaması, önde kamera olmaması eksiklik denemez, çünkü onlar da olunca ismi c6 olurdu :) fiyatı da böyle olmazdı.",pozitif,hedefli:satici
9154,ürün hakkında bazı olumsuz yorumlar yapılmış.katılmıyorum.sebep:sabah inceledim yeni geldi ürün.barı 10 numara.vidaları klasik vida.sorun yok.ağırlıklar desen standart plastikten ağırlıklar.güzel yani.ve dambıll çubukları da ele iyi oturan cinsten.body building sporuyla ilgilenenler kalitesini anlayacaktır ürünün.alın derim bu fiyata kaçırmayın bb-severler.,pozitif,hedefli:boyut
9155,süper bi cihaz hem şık hem çok kullanışlı bir uydu cihazinda olmasi gereken hersey var tv adeta bilgisayara ceviriyor gönderici firmaya ve hepsi buradaya teşekkürler,pozitif,hedefli:satici
9156,siparişimi vermiş olduhum ürün tedarikçi firmada ellrinde kalmamış ve firma bana jest olarak bu ürünü göndermiş 5 gündür makıneyı canını ckardık ama maşallah ı vr..müşeri hizmetleeri mükemmmmmmel    hepsi̇buada da emği gecen tüm arkadaşlaraaa  teşekkürleerrr,pozitif,hedefli:satici
9157,hızlı kargo güvenilir firma oğlumuzun bezi biter bitmez yeniden görüşmek dileğiyle teşekkürler.,pozitif,hedefli:satici
9158,ürün gerçekten güzel tek eksiği üzerinde priz aparatı olmaması. eviniz geniş ise alınabilecek bir ürün.,pozitif,hedefli:boyut
9159,hizli gönderi için teşekkürler 230 derecede sac yapinca kenarlari yüzünden el yanması olabilir ama ürün fiyatina göre gayet iyi saca parlaklik verdigini soyleyebilirim,pozitif,rastgele
9160,muadillerine göre fiyatı uygun ve kaliteli. portatif boyutlarda,pozitif,hedefli:boyut
9161,ürün çok güzel. kargo iki gün içerisinde geldi. yetkili servis kurulumu yaptı. teşekkürler,pozitif,hedefli:satici
9162,"kullanım kılavuzunda da yazdığı gibi, ilk iki sürahi kahveyi içmeyiniz. i̇çindeki plastik kokusunun geçmesi gerekiyor. daha sonraki kahvelerin içimine doyum olmuyor.",pozitif,hedefli:satici
9163,bir de bu modeli denesinler.hafifliği ile bir başka düzlemde yürüdüklerini hissedecekler.harika bir ürün.,pozitif,hedefli:boyut
9164,daha önceki alışverişimde hepsiburada satıcısı beni hayal kırıklığına uğrattı ama bu urun çok hızlı şekilde elime ulaştı hepsiburadaya bu alışverişimde teşekkür ederim,pozitif,hedefli:satici
9165,paketleme kontrol edilerek yapilabilirdi  kemer kutudan cikmadi  ( firmaya ulasamadim tedarik icin) kurulum zaman aliyor  cunku somunlara ulasmasi zor. cocugumuz cok sevdi ozellikle muzik  olmasini,pozitif,hedefli:satici
9166,ürün çok iyi değil.kalın telli ve kabarık saçlarınız varsa sizi tatmin etmeyecektir. fön etkisi vermiyor malesef. saçı çok fazla kabartıyor ve iyi düzleştirmiyor.,negatif,rastgele
9167,canakla bi̇rli̇kte aldim.kullanimi basi̇t.kullanim klavuzunu i̇yi̇ okuyun..5 dk da si̇nyali̇ bulup hemen canagi sabi̇tledi̇m.olumsuz di̇yer yorumlara kulak asmayin.beceri̇ksi̇z li̇kleri̇ni̇ kapatip ci̇hazi kötülüyorlar.montaj parasina ci̇haz sahi̇bi̇ oldum. bi̇razcik  el becerni̇z varsa   %100    tavsi̇ye edri̇m.,pozitif,hedefli:satici
9168,parasına ve yaptığı işe göre iyi bir ürün.ancak kullanma kılavuzu yeterli bir açıklama yapmıyor kullanımını deneme yanılma yöntemi ile öğrenebilirsiniz.kendi işinizi ve eş dost işini görebilirsiniz.,negatif,hedefli:satici
9169,samsung türkiye garantili ürün eksiksiz olarak teslim aldım. sistemde belirtilen günde teslim edildi. keşke teslimat süresini daha kısa tutabilseler daha iyi olur. tavsiye ederim. hepsiburada.com farkı ile piyasanın en uygun fiyatı.,pozitif,hedefli:satici
9170,ürün fi̇yat performans açisindan çok i̇yi̇ kesi̇nli̇kle kaçirmayin.hepsi̇ burada şu ana kadar aldiğim hi̇çbi̇r üründe beni̇ şaşirtmadi her zamanki̇ gi̇bi̇ hizli tesli̇mat teşekkürler.,pozitif,hedefli:gorunum
9171,alacakları için paket sıfır açılmamış şekilde geldi samsung garantisi üzerinde özellikleri ve uygulamaları güzel ben beğendim kesinlikle tavsiye ederim,pozitif,hedefli:satici
9172,"pazar günü sipariş verdim. çarşamba günü elime ulaştı; hızlı teslimat... ürüne gelince: kakosu çok hoş,rahatsız edecek kadar ağır, farkedilmeyecek kadar da hafif değil.yaz için ideal. kalıcılık gayet başarılı; 10/8,5..teşekkürler hb.",pozitif,hedefli:boyut
9173,"zaten fiyatını görünce tereddütsüz almıştım, kötü çıkarsa bile bi süre idare eder demiştim ancak bugün ulaştı bana ve kesinlikle kaliteli ürünler. 6 kglık seti aldım çok memnun kaldım, teşekkürler hb..",pozitif,hedefli:gorunum
9174,ben tavsiye etmiyorum  ancak havlu filan koyarsınız banyonuzda oda suyla teması olmaması lazım kaliteli bir ürün değil eksik,negatif,hedefli:satici
9175,şimdi alacak arkadaşlara 2 şey söyleyerek başlayacağım. i̇lki bazı yorum yapanlar gibi gerçeği gibi hiçç değil diyen ergen arkadaşlara sakın bakmayın hata yaparsınız. diğeri ise acaba bu yorum yapan firma elemanı mı?,pozitif,hedefli:satici
9176,satici gönderimi cok hizli.makinaya gelince süper!!! hepa filtreli oluşu rengi cekim gücü mükemmel.gercekten cok memnun kaldim.ayrica kablo toplama derdide yok.borusuda dysonun borularina benzio kaliteli iki supurge basligi ve ince uclu aparatlar iki adet cok begendim.ablamada alcam,pozitif,rastgele
9177,ürünü annem için araştırarak aldım bende bir teka satıcısı olarak şunları söyleyebilirim:,pozitif,hedefli:satici
9178,ucuz kaliteli bir ürün piyasada daha sağlam ve ucuzunu bulamazsınız.. hızlı gönderim için teşekkürler herkese tavsiye ederim oturumu rahat sırt kısmı ve oturma bölümü geniş,pozitif,hedefli:boyut
9179,ürünün emiş gücü çok iyi gerçekten ve kullanması rahat; çok hafif. tamamen plastikten olması ömrünün uzun olmayacağı gibi bir his yaratsa da bu fiyata göre beklenebilecek bir sonuç.,pozitif,hedefli:boyut
9180,penyesi cok iyi kaliteli alt kismi biraz dar geliyor suanda hamile oldugum icin ama kesinlikle tavsiye ederim. uzunlugu konusunda terddutluydum ama hamile oldugum halde bile suan kisa degil. beden olarak bir beden buyugunu aldim rahat olmasi icin.,pozitif,hedefli:boyut
9181,"şimdiden çok memnun kaldık,kullanımı basit ve temiz yıkıyor,herşeyden önemlisi ekonomik ve iç dizaynı çok kullanışlı,her eve tavsiye edebilirim kesinlikle memnun kalırlar,kargo 2 günde getirdi ve kurulumu 5 dakika aldı,servisten de çok memnun kaldık;)",pozitif,hedefli:satici
9182,kullanışlı pratik ve hepsi burada mağazasında fiatı çok uygun enkısa sürede evinize teslim edilmesi mükemmel ilk kez alışveriş yaptığım bu siteyi çok güvenli buldum,pozitif,hedefli:satici
9183,ürünü almadan önce kısa bir araştırma yaptım. bilgisayar satış ve servis işiyle uğraşanlara sordum. bu ürünü tavsiye ettiler. aldım memnunum.,pozitif,hedefli:satici
9184,ürünle ilgili kargoda sıkıntı yaşadım fakat kısa zamanda çözüldü..ürün çok hoş kulanım kolay ve hafif diğer markalara onca para vermeye gerek yok..ben çok beğendim kesinlikle tavsiye ederim ayrıca hepsiburada.com çok teşekkür ederim yardımlarından dolayı müşteri hizmetleri süper,pozitif,hedefli:satici
9185,ebat olarak standart bi anahtarın 2/3ü kadar büyüklükte gayet şık-kompakt ve minimalist bi yapıya sahip. markasının hakkını verecek bi sağlamlığı ve performansı var. bence kaçırmayın derim,pozitif,hedefli:boyut
9186,farlarıma sıfır görünümü verdi aracım 2013 model. verdiğiniz paranın karşılığını yüzde bin veriyor bu ampüller.,pozitif,rastgele
9187,mutfakta kullanmak üzere aldım görüntü gayet temiz ve net.yalnız çerçeve biraz narin fazla harekete darbeye pek dayanıklı değil.sesi kötü şeklinde yorumlar okudum bence gayet yeterli.usb film de oynatabiliyor.22 inc bir ekranı daha uygun fiyata bulamazsınız,pozitif,hedefli:gorunum
9188,"renk canlılığı olsun kalitesi olsun gerçekten çok güzel, çok beğendim...",pozitif,hedefli:gorunum
9189,kolye göründüğünden daha güzel ve kutusu da özenle gönderilmiş. içindeki not da müşteriye verilen değeri gösteriyor. almak isteyen varsa hiç düşünmeden alsın,pozitif,hedefli:gorunum
9190,sorunsuz hizmetiniz için teşekkür ediyor başarılarınızın devamını diliyorum,pozitif,rastgele
9191,ürünü yeni aldım.henüz kullanmadım.çok şık.çeliği parmak izi olmuyor.ayrıca demliğini kullanmak istemesseniz su ıstıcının ayrıca bir kapağı var.gören iki arkadaşım daha aldı.öneririm.,pozitif,rastgele
9192,"kullanım kılavuzunu dikkatlice okuduktan sonra, ve önerilen şekilde kullandıktan sonra kesinlikle işe yaradığını gördüğüm ürün. tüylerimde incelme, ve belirli yerlerde azalma görmeye başladım bile - ki alalı çok da olmadı. başarılı buldum.",pozitif,hedefli:satici
9193,almayın ben aldım bağımlı oldum sürekli elimde oynayıp duuruyorum :)) mukavemet oldukça güçlü herkesin belirttiği gibi oldukça küçük ben 10 adet aldım anca ele avuca geldi :),pozitif,hedefli:boyut
9194,normalde m giyiyorum l istememe ragmen küçük geldi,negatif,hedefli:boyut
9195,1 günde geldi telefonu zaten biliyordum ancak yeni bir sıkıntısını öğrendim araç şarzında ve uzun süre elektrikte takılı olacak şekilde şarz edilmemesi tavsiye ediliyor bozuluyormuş,pozitif,rastgele
9196,pc kasamı led tv ye bağladım.bu kalvye mause setini almam iyi olmuş.çok hafif .tabi bir microsoft gibi değil .ama yaptığı işler ondan aşağı kalır değil. tepkimesi harika.alıcısı çok ufak  mause un bir parçası olabiliyor.eğer internet için alıcaksanız tam size göre,pozitif,hedefli:boyut
9197,denemeden ilk kez aldım ve hiç beğenmedim. ilk defa alacaklara tavsiye etmem. ben  ürünü  hemen i̇ade ettim  bu site hem çok güvenilir hem de çok hızlı iade için hiç bekletmediler hemen yaptılar. teşekkürler,negatif,hedefli:satici
9198,"ürünün hafifliği, buhar gücü 10 numara. kesinlikle tavsiye ediyirum.",pozitif,hedefli:boyut
9199,ürün resimde görüldüğü gibi çift sebzelikle gelmedi kapı kolları çok kaba duruyor kapı boyası ile yanlarının tonu farklı motoru da sürekli çalışıyor önceki buzdolabımı ayarladığım dereceye gelince stop ediyordu bu ürün sürekli çalışıyor insanı sesi rahatsız ediyor,negatif,hedefli:gorunum
9200,çok güzel kokuyo çok beğendim. ama parfüm 100ml den biraz az gibi geldi bana . yani resimdekinin birazı boş gibiydi. yinede kokusunu çok beğendim baya kalıci.,pozitif,hedefli:gorunum
9201,gucune bakmadan alip buyuk hacimlere kullanirsaniz tabiki yeterli olmaz. lambader icin harika... hos bi renk istedigim duzeyde bir isik veriyor...,pozitif,hedefli:gorunum
9202,arkadaşlar bu ürünün gri rengini eski aracımda uyguladım çok kaliteli ve şık bir ürün. bugün de yeni aracıma siyahını sipariş verdim. kılıfı tek kat iple dikerseniz ip yetecektir dikerken kılıfı biraz gerdirip sıkı dikmenizde fayda var.,pozitif,hedefli:gorunum
9203,"sonuçta bir tomtom değil ama eksikliğini hissettirmez. bir iphone değil ama fiyatını düşününce aynı paraya iphonedan kralını yapar nokia. bir walkman değil zaten sony o konuda aşmış ama ben de dj değilim, işe gidip gelirken dinliyorum işte müziğimi.",pozitif,hedefli:satici
9204,"ürün bugün elime geçit, gayet şık ve güzel. 4 tane oyuncağı, aynası ve halı üstünde 3 farklı hısırtıli kısmı var. renkler çok canlı. beklediğimden büyük ayrıca.",pozitif,hedefli:boyut
9205,"oyuncak niyeti ile tek kullanımlık alırsanız amenna, lakin sürekli kullanışlı birşey arıyorsanız almayın ! tamamı plastik oyuncaktan ibaret görüntüsü sizi kandırmasın!!",negatif,hedefli:gorunum
9206,aracım 2001 model.klimayı açtığımda ağır bir koku geliyordu.bu ürün sayesinde o koku kesildi ve hoş bir koku gelmeye başladı.kesinlikle tavsiye ederim,pozitif,hedefli:boyut
9207,ürün bugün elime ulaştı. inanın çok uzun olmayan kılları cok rahat alıyor. birde benden size tavsiye yavas yavas bastırın birdrn bastırıp almayın almıyor:) yapmanız gereken hafifce bastırıp gezdirmek tüy kıl bişi bırakmıyor.,pozitif,hedefli:boyut
9208,pilleri yale marka ev alarm siren kutusuna aldım eskileri de aynı markaydı tam 3 yıl kullandıktan sonra ömrü doldu yenisi ile deyiştirdim tercihim yine bu marka oldu hepsi̇burada ya teşekkürler tabi satıcıyada,pozitif,hedefli:satici
9209,eski kullandığım ürün bozulduktan sonra yeni almaya karar verdim fazla araştırmadan en ucuzunu aldım ve gayet güzel çıktı tüm fonskiyonlar eksiksiz çalışıyor tavsiye ederim.,pozitif,hedefli:satici
9210,arkadaslar bende bu saatten aldım urun orjınaldır kutusuyla geldı garanti belgesi vs ve piyasadan cok daha uygun fiyatı vardır süper bir saat bence herkese tavsiye eederim,pozitif,hedefli:satici
9211,"benim ihtiyaclarımın çok üstünde bir telefon biraz ağır , uzun ve dar ama fonksiyonel.zamanında ve son derece güzel bir ambalajla geldi",pozitif,hedefli:boyut
9212,"ben bu ürünü evimde kullanmak için aldım.kullanmadığınız zaman kilitlenebilmesi,sağlam olması, çok fazla yer tutmaması ve harika görünü sayabileceğim bazı özellikleri.fiyatı da hb çok uygun tavsiye ederim",pozitif,hedefli:gorunum
9213,bu kadar kalitesiz bir ürün görmedim.bütün vidaları eksiksiz takmamıza rağmen dolabımız sallanıyor neredeyse  yıkılcak.malzeme o kadr kötü ki evin içinden kokusu bir ay çıkmadı.ürünü tekrar sökme derdinden malesef kullanıyorum iade etmedim.hepsi̇burada neden böyle kalitesiz firmalara ürün sattırıyor anlamadım.,negatif,hedefli:satici
9214,burdan prima 4 numara bez aldım. daha öncede aynı satıcıdan bu bezlerden almıştım. son gelen paket bezler farklı çıktı.aynı 4 numara olmasına rağmen farklıydı. daha ince yapıda ve sızdırıyordu. tavsiye etmiyorum.,negatif,hedefli:satici
9215,"ürün çok kısa sürede teslim edildi. hepsi burada ekibini, eksiksiz ve hızlı teslimattan dolayı tebrik ediyorum.",pozitif,hedefli:satici
9216,ürünün yedek kartuşunu ekstradan ilave etmeniz lazım. yoksa otomatik ilave etmiyor. ayrıca ürünle beraber şimdiden yedek renkli kartuşun siparişinide %20 indirimli verebilirsiniz. ürün zaten hp. diyecek laf yok...,pozitif,hedefli:gorunum
9217,i̇ç kısmı tamamen plastik malzeme olduğu için iade ediyorum.,negatif,hedefli:satici
9218,"rulolar kolay takılamıyor, streç filmi kesemiyor. sağlam bir görüntüsü yok. bu fiyata farklı bir sonuç beklenemezdi zaten.",negatif,hedefli:gorunum
9219,ürünü eşime alırken kararsızdık tereddütte kaldıt hata siparişi verdikten sonra iade etmek istedim sonra vazgeçip kullanalım dedi eşim çok memnun tavsiye ederim tşk hepsiburada,pozitif,hedefli:satici
9220,daha önce başka bir markanın anahtarlı modelini kullanıyordum. sürekli anahtarı nereye koydum diye oda oda geziyordum. anahtarsız uç değiştirmek gerçekten daha keyifli. ürün sağlam görünüyor.,pozitif,hedefli:gorunum
9221,"bayram tatilinde bile cevap yazan hepsiburada müşteri hizmetleri kalitesini hissettiriyor, teşekkürler, ürün o kadar da kaliteli değil ya da ben beceremedim.",negatif,hedefli:satici
9222,ürün ilk iki ay sorunsuz çalıştı başlıklarıyla istediğim sonuçları görüyordum fakat bir süre sonra çok hafif bi baskıda bile durmaya başladı başlık değiştirdim ama değişen birşey olmadı . yani alıyorsanız dikkatli kullanın motorun çok su görmesini engelleyin,negatif,hedefli:boyut
9223,"resimdekine bakıp aldanmayınn o kadar güzel durmuyor. içindeki raflar çok ince dandik , arkalığı ise mukavva koysalar daha sağlam olurmuş heralde.. muadillerini piyasada az daha fark verip daha sağlamını alabilirsiniz..",negatif,hedefli:gorunum
9224,"senelerdir kullandığım kalıcı ve güzel kokusuyla çok memnun olduğum bir parfüm. fakat ben bu parfümü sadece kış mevsiminde kullandığımı, yazın kokusunun bana biraz ağır geldiğini belirtmek isterim.",pozitif,hedefli:boyut
9225,eşim için hediye aldım telefon çok kibar ve kamera görüntü kalitesi süper. 2 yıl apple tr garantisi ile geldi garanti belgesi. rengi de gerçekten çok şık.,pozitif,hedefli:satici
9226,"philips markasından dolayı hemen aldım.biraz fazla para veriyorsunuz ama kesinlikle değiyor.haznesi diğerlerine göre daha geniş..1.5 lt,diğerleri 1.lt..bıçakları çok keskin ve diğer markalardan farkı çift bıçak olması.en kalın meyveleri bile saniyeler içinde rendeliyor.parasını hakediyor kesinlikle.görüntü olarakta çok hoş duruyor mutfakta..",pozitif,hedefli:boyut
9227,ürün siparişten iki gün sonra sorunsuz şekilde aldım.çok ince ve şık telefon.  eksiksiz kapalı kutu geldi. hiç şarjı yoktu ilk açmaya çalıştığımda cihazı. hızlı şarj cihazı da kutu içeriğinde orjinal şekilde geliyor.,pozitif,hedefli:satici
9228,eveben de aldım ama calvin kleinin diğer kokuları gibi kalıcı değil.kalıcılık konusunda beni de hayal kırıklığına uğrattı.üstelikte edp aldım.koku olarak hoş.hafif koku sevenlere önerilir.kalıcı ve etkileyicilik istiyorsanız hayır.,negatif,hedefli:boyut
9229,ürünü alalı 1 yıl oldu hiç beni üzmedi çok güzel fotoğraflar kaydettim üstünteki lens rağmen .. 1300d  bir bakın derim wifi olmaması eksi olsada 100d kablosuz sd kart okuyucularla gideriliyor  hepsiburada  garanti ve güvenirliği zaten tartışılmaz...,pozitif,hedefli:satici
9230,gerçekten çok sert bir darbe almadıkça devrilmiyor. resimlere bakınca çok iri çıkacak diye korkuyordum ama gayet makul bir boyutta. çok estetik duruyor. tavsiye ederim.,pozitif,hedefli:gorunum
9231,"bu ürün berbat, prima kalitesine inanarak aldım fakat bin pişman oldum daha önce aldıklarıma benzemiyor, çocuğun altı sürekli pişiyor. kuru falan kaldığı yok hep ıslak nasıl yeni ürün anlamadım ürün berbat...",negatif,rastgele
9232,üstünde yatmadım henüz ama çok beğendim. kayıp duran alezlerden bıkmıştım. diğer yataklar için de bir sürü sipariş vereceğim.,pozitif,rastgele
9233,çok güzel bir ürün. yanlız kapasitesinin altında kart koyunca malesef içindeki ayraçları dik tutmak çok zor oluyor. ama çok şık bir ürün.,pozitif,hedefli:gorunum
9234,vestel markasına önyargılıydım ama bi yakınım mağazadan yüksek fiyata aldı.tv yi izledim hiç düşünmeden bende hb dan şipariş ettim.fiyatına göre çok iyi.,pozitif,hedefli:satici
9235,takması biraz uğraştırıyor. fakat takınca çok sağlam duyuro kolay kolay düşecek gibi değil. ayrı plastik klipsleri de yanında geliyor. 5-10 metreden dikkatli bakılınca kapak olduğu belli oluyor.,pozitif,hedefli:satici
9236,"ürün kaliteli, çift başlıklı, ısı ayarlı. kibar bir ürün ve yeterli. belki fiyatı muadillerine göre fazla olabilir ama o da kalitesinden. hızlı geldi ve şık.",pozitif,hedefli:gorunum
9237,ürün elime çok hızlı ulaştı ancak normal sarı farımdan hiçbi farkı yok xenon gazı falan da hikaye sarı lambanın dışını maviye boyamışsın gibi hiç hoşnut kalmadım tavsiyede etmiyorum iade ile uğraşamayacağım çünki zamanım yok,negatif,hedefli:satici
9238,"amacına ve işlevine göre sağlam pratik bir masa,satıcının ürünün kargolanması sırasındaki paketleme  işlemide cok iyi",pozitif,hedefli:satici
9239,"keyifli cihaz tavsiye ederim kendime kafa dağıtmak için aldım daha sonra daha büyüklerini almayı düşünüyorm.. dakika tuttum 30 dakika şarj oluyor net inmeden 7,30 dk havada duruyor",pozitif,hedefli:boyut
9240,çok fresh bir koku yaz kış devamlı kullanabilecek bir koku fiyatı çok uygun sipariş verdiğim günü takiben 2 gün içinde orjinal kutusuadresime teslim edildi,pozitif,rastgele
9241,pokemon go için aldım ve beni uzun süre idare etti 4 saatte sadece 1 nokta gitti fiyatıda çok iyi mağazalardan pahalı ürün alıcağınıza 1-2 gün bekleyin bunu alın kesinlikle değer.,pozitif,hedefli:satici
9242,ürün hızlı bir şekilde elime ulaştı. hepsiburada dan beklendiği gibi. ancak gelen ürün çok kalitesiz. i̇kinci kullanımda hortumun içindeki plastik boru balon misali patladı. bayram sonrasında kargoya verebilirsem iade edeceğim.,negatif,hedefli:satici
9243,"ben ürünü tefal mağazasından daha pahalıya aldım.burada fiyatı daha uygun.çok kullanışlı, çayı heran sıcak tutuyor.misafir geldiğinde çok rahat ediyorsunuz, herkese tavsiye ederim..",pozitif,hedefli:satici
9244,ürün 24 saat içerisinde elime ulaştı. sadece ithalatçı firmanın vermiş olduğu aparat 3'lü amerikan tipi süper hızlı sarj kafası ile uyumlu değil. bende zaten dönüştürücü olduğu için sorun yaşamadım. teşekkürler hepsiburada.,pozitif,hedefli:satici
9245,okul için almıştık. ama fazla iş görmedi. airties ürünlerini tavsiye ederim.,negatif,rastgele
9246,"dik durmak ile ilgili sorunu var, hafif fakat net hatları olan eşya koyarsanız onlar sayesinde ayakta duruyor, yoks bildiğiniz basit bir bezden yapılmış ve altında cırt cırtları var, bu kadar. çok da keyifle kullandığımı söyleyemem. almış bulunduk.",negatif,hedefli:gorunum
9247,"bende art puzzle halısı vardi ve yemyeşil ve cok kullanışsız oldugu için farklı renk almayı düşündüm, ürün görsellerindeki koyu gri renkli halı gelmiyor yine art puzzle halısı olan yeşil halı geliyor, :s",negatif,hedefli:gorunum
9248,yaz-kış farklı lastik kullanmaya son vermek için yaptığım uzun araştırmalardan sonra  bu lastiği aldım. taktırdım konfor ve yol tutuş olarak memnunum. değişim yapan usta  bile nokian alarak güzel bir tercih yapmışsın  dedi.  kısaca tavsiye ederim.,pozitif,hedefli:satici
9249,duracellin kalitesi zaten tartışılmaz.pil her evin ihtiyacın olan bir araçtır.özellikle dijital fotoğraf makinalarının çok pil harcadığını düşünürsek şarj edilebilir pilin ne kadar ekonomik olduğu ortaya çıkıyor,pozitif,hedefli:gorunum
9250,cihaz genel anlamda iyi.bana gelen cihaz evo garantili ve ci̇haz sürümü 5.1.1 honkong yazılımı var.türkiye samsung garantili cihazlar da 6..0 varken bizde 5.1.1 bunu dert etmezseniz cihaz güzel akıcı,pozitif,hedefli:satici
9251,ankara gibi havanın kuru olduğu bir yerde olmazsa olmaz bir ürün.,pozitif,rastgele
9252,"08.10.2014 tarihinde sipariş verdim hafta sonu denk gelmesine rağmen ürün çok iyi paketlenmiş, zararsız ve hızlı bir şekilde 5 gün içerisinde ürünü teslim aldım firma çalışanlarına teşekkür ediyorum hayırlı kazançlar dilerim...",pozitif,hedefli:satici
9253,"ürünü kız arkadaşım çok beğendi, kolyesi , kolye ucu kaliteli gümüş geldi.i̇çinden çıkan incide çok güzel ve büyüktü.yanında açınca muhteşem oldu. hızlı kargo içinde çok teşekkürler.",pozitif,hedefli:boyut
9254,işini layıkıyla yapan firmalardan. böyle firmalarla karşılaşınca gerçekten cok hoşuma gidiyor. dün 3-4 gibi sipariş verdim bugun 2 de teslim edildi. çok hızlı gönderi. saatte tam istediğim gibi. sade ve zarif çok teşekkürler,pozitif,hedefli:satici
9255,"ürün şuan elime geçti.bir günde teslimat için firmaya teşekkür ederim. saat gayet şık ve güzel fiyat olarak çok uygun bir saat.eğer bu saati almayı düşünüyorsanız, gönül rahatlığıyla sipariş verebilirsiniz.",pozitif,hedefli:satici
9256,bu fiyata bu ürün şık yalnız parmak sensörü daha ii olablirdi satıcı süper sadece samsungun eksikliği tşk ederim hayırlı işler .,pozitif,hedefli:gorunum
9257,ürünü sipariş ettikten sonra iki günde elime ulaştı.kurulumu çok kolay.görüntü kalitesi güzel.menü kullanımı anlaşılır.kanal geçişleri iyi.bu fiyata alınabilecek güzel bir ürün,pozitif,rastgele
9258,ürün fiyat ve kalite açısından çok iyi; çok araştırma yaptım bundan uygunu riskli kategoride! orijinal ürünleri satıcı iyi fiyata satmakta. aynı zamanda makul sürede gönderiyi ilettiğinden ötürü takdiri hakediyor. tabi ürünü denedikçe göreceğiz ama ilk gözlemim hiçbir sıkıntı olmadığı şeklindedir.,pozitif,hedefli:satici
9259,"siparişim, eksiksiz geldiği gibi yanında eşantiyonu ile birlikte gelmiş.",pozitif,hedefli:satici
9260,ileri seviye birşey beklemeyin. yeni başlayan olarak 3-4 saatte eksiklerini ben bile anladım ama üzerinde daha deneme yaparak sonra bir üst modele geçeceğim.,pozitif,hedefli:satici
9261,"3-ekranın üstündeki şeffaf kalın tabaka hafif kalkık durumda, sanki yapışkanı özelliğini kaybetmiş gibi.",negatif,hedefli:boyut
9262,siparişi verdiğim günün ertesi gününde bana ulaştı. son derece hızlı ve kaliteli  servis. ürün son derece kullanışlı ve kaliteli. teşekkürler,pozitif,hedefli:satici
9263,"eşime hediye aldım. kargo hızlı geldi. saat kaliteli ve güzel gözükmekte, gayet şık. yanlız garanti belgesi çalar saate ait. buda firmanın ayıbı diyorum. ama saat güzel ve verdiğiniz parayı fazlasıyla karşılıyor.",pozitif,hedefli:satici
9264,i̇lk kez remington marka kullanıyorum ve çok memnun kaldım. dalgalı saçları hemen düzleştiriyor. gayet kullanışlı. ben tavsiye ederim. üstelik çantası da çok şık :),pozitif,hedefli:gorunum
9265,siparişimi kısa sürede aldım.kaliteli ürünleri bizlere uygun fiyatla ve kampanyalarla sunan ekibinizi ve dürüst satıcıları tebrik ederim.alışverişi keyifli hale getirdiniz.birde kargo bedava olunca süper..,pozitif,hedefli:satici
9266,daha önce yaklaşık yedi sekiz yıl kullandığım 300 mbps lik modeli bozulduğu için yine tp link ürününü seçtim fiyatı uygun kalitesi yüksek satıcı da hepsiburada olunca hiçbir sıkıntı yok...,pozitif,hedefli:satici
9267,"zaten sürekli kullandığım bir ürün. oldukça doğal görünüyor, sürerken de rahat. yüzünüzde kalıp gibi durmuyor ve sivilcelenme yapmıyor. üründen de teslimatın da memnun kaldım. teşekkür ederim.",pozitif,hedefli:boyut
9268,fermuari  resimdeki gibi ortada değil yanda. ortada olsa icerisindekileri almak daha kolay olurdu diye düşünüyorum. ust kismin seffaf olması guzel. kalitesi iyi,pozitif,hedefli:gorunum
9269,"note 3 üm arızalanınca sipariş verdim 3 günde elime ulaştı, note 3 ile kıyaslanınca kalem eksikliği hissediliyor çok hafif ve ele oturması güzel, note 3 e göre 2 gün şarj alıyorum",pozitif,hedefli:satici
