id,raw
7000,Qn
7001,"Fp,Qp"
7002,"Fp,Kp,Qp,Sp"
7003,0
7004,"Qp,Pp"
7005,0
7006,"Qn,Pn"
7007,Qp
7008,Sp
7009,"Kp,Fp,Qp,Sp"
7010,Qn
7011,"Fp,Qn"
7012,Qn
7013,Qn
7014,"Qp,Bn"
7015,Qn
7016,Fp
7017,Qn
7018,Qn
7019,Pn
7020,Qp
7021,Fp
7022,"Kp,Fp,Qp"
7023,Pp
7024,Pp
7025,Fp
7026,Fp
7027,"Qp,Pp"
7028,Qp
7029,Qp
7030,Pn
7031,Qn
7032,0
7033,Qn
7034,Qn
7035,Qp
7036,Qp
7037,Qn
7038,"Fp,Qp"
7039,"Kp,Qp"
7040,Qp
7041,"Kn,Qn"
7042,Qp
7043,Qp
7044,"Qn,Pn"
7045,"Fp,Qp"
7046,Qp
7047,"Kp,Sp"
7048,Qn
7049,Bp
7050,0
7051,Kp
7052,Bp
7053,"Fn,Qn"
7054,Qp
7055,Fp
7056,"Qp,Sn"
7057,"Qn,Pp"
7058,"Fp,Qp,Pp"
7059,Sp
7060,Kp
7061,Qp
7062,"Fp,Qn,Pn"
7063,Qn
7064,Qp
7065,Qn
7066,"Fp,Qn"
7067,"Qp,Sp"
7068,"Qp,Bp"
7069,"Fn,Qp"
7070,Fp
7071,Qp
7072,"Qp,Sn"
7073,Qp
7074,Qn
7075,Qp
7076,"Qn,Bn"
7077,Qn
7078,0
7079,Qp
7080,Pp
7081,"Fp,Qp,Pp"
7082,Qn
7083,Pp
7084,Fp
7085,Qn
7086,"Fp,Pn"
7087,Qn
7088,"Kn,Fp,Qp"
7089,"Fp,Sp"
7090,0
7091,0
7092,0
7093,Pp
7094,"Kp,Gp,Pp,Fp"
7095,Qp
7096,"Qp,Fp"
7097,"Qn,Fn"
7098,Qp
7099,Qp
