text,label
Bu kurs inanılmaz derecede başarılı.,pozitif
Bu telefon berbat ve tatmin etmeyen.,negatif
Bu uygulama beklediğimden çok daha iyi.,pozitif
"Bu dizi harika değil, oldukça sıkıcı.",negatif
Bu uygulama tam bir hayal kırıklığı.,negatif
Bu telefon son derece etkileyici.,pozitif
Bu konser gayet güzel ve tatmin edici.,pozitif
Bu restoran son derece etkileyici.,pozitif
Bu otel beklediğimden çok daha kötü.,negatif
Bu film beklediğimden çok daha kötü.,negatif
Bu kitap beklediğimden çok daha kötü.,negatif
Bu kurs hiç iyi değil.,negatif
Bu şarkı gerçekten harika.,pozitif
Bu film hiç iyi değil.,negatif
Bu ürün berbat ve tatmin etmeyen.,negatif
Bu ürün hiç iyi değil.,negatif
Bu hizmet inanılmaz derecede başarılı.,pozitif
Bu telefon tam bir hayal kırıklığı.,negatif
Bu kitap hiç kötü değil.,pozitif
Bu uygulama harika ötesi bir deneyim.,pozitif
Bu uygulama hiç iyi değil.,negatif
Bu müze gerçekten harika.,pozitif
Bu kafe tam bir hayal kırıklığı.,negatif
"Bu hizmet harika değil, oldukça sıkıcı.",negatif
Bu otel gerçekten harika.,pozitif
Bu kitap kötü ötesi bir deneyim.,negatif
"Bu ürün iyi değil, oldukça kötü.",negatif
Bu otel gayet güzel ve tatmin edici.,pozitif
Bu şarkı tam bir mükemmellik.,pozitif
Bu film çok kaliteli.,pozitif
Bu hizmet gerçekten harika.,pozitif
Bu kurs son derece etkileyici.,pozitif
Bu uygulama hiç kötü değil.,pozitif
Bu konser tam bir hayal kırıklığı.,negatif
Bu müze gayet güzel ve tatmin edici.,pozitif
Bu oyun tam bir hayal kırıklığı.,negatif
"Bu film berbat değil, oldukça başarılı.",pozitif
Bu müze çok kalitesiz.,negatif
Bu ürün inanılmaz derecede başarılı.,pozitif
"Bu ürün harika değil, oldukça sıkıcı.",negatif
Bu konser hiç kötü değil.,pozitif
Bu konser beklediğimden çok daha iyi.,pozitif
Bu müze tam bir mükemmellik.,pozitif
Bu kafe kötü ötesi bir deneyim.,negatif
Bu kitap beklediğimden çok daha iyi.,pozitif
Bu uygulama beklediğimden çok daha kötü.,negatif
Bu oyun hiç kötü değil.,pozitif
"Bu oyun kötü değil, gayet iyi.",pozitif
Bu kitap tam bir mükemmellik.,pozitif
Bu film son derece sıkıcı.,negatif
Bu ürün harika ötesi bir deneyim.,pozitif
Bu restoran tam bir mükemmellik.,pozitif
Bu film inanılmaz derecede başarılı.,pozitif
Bu kurs gayet güzel ve tatmin edici.,pozitif
Bu restoran çok kalitesiz.,negatif
Bu kitap tam bir hayal kırıklığı.,negatif
Bu uygulama tam bir mükemmellik.,pozitif
"Bu müze kötü değil, gayet iyi.",pozitif
Bu müze berbat ve tatmin etmeyen.,negatif
Bu uygulama son derece etkileyici.,pozitif
Bu oyun beklediğimden çok daha kötü.,negatif
"Bu otel iyi değil, oldukça kötü.",negatif
"Bu şarkı iyi değil, oldukça kötü.",negatif
Bu ürün son derece sıkıcı.,negatif
"Bu oyun berbat değil, oldukça başarılı.",pozitif
Bu kurs beklediğimden çok daha iyi.,pozitif
Bu uygulama gerçekten harika.,pozitif
Bu oyun kötü ötesi bir deneyim.,negatif
Bu ürün gayet güzel ve tatmin edici.,pozitif
Bu konser son derece etkileyici.,pozitif
Bu konser beklediğimden çok daha kötü.,negatif
"Bu kafe iyi değil, oldukça kötü.",negatif
Bu konser tam bir mükemmellik.,pozitif
Bu otel gerçekten kötü.,negatif
Bu dizi beklediğimden çok daha iyi.,pozitif
Bu oyun inanılmaz derecede başarılı.,pozitif
Bu kafe son derece etkileyici.,pozitif
Bu dizi tam bir hayal kırıklığı.,negatif
Bu telefon gerçekten harika.,pozitif
Bu hizmet gayet güzel ve tatmin edici.,pozitif
Bu oyun gerçekten harika.,pozitif
Bu film gayet güzel ve tatmin edici.,pozitif
Bu restoran kötü ötesi bir deneyim.,negatif
Bu oyun beklediğimden çok daha iyi.,pozitif
Bu telefon çok kaliteli.,pozitif
Bu uygulama kötü ötesi bir deneyim.,negatif
Bu restoran beklediğimden çok daha kötü.,negatif
"Bu otel berbat değil, oldukça başarılı.",pozitif
Bu oyun çok kaliteli.,pozitif
Bu ürün tam bir mükemmellik.,pozitif
Bu kitap son derece etkileyici.,pozitif
Bu müze harika ötesi bir deneyim.,pozitif
Bu oyun gayet güzel ve tatmin edici.,pozitif
"Bu müze iyi değil, oldukça kötü.",negatif
Bu restoran hiç kötü değil.,pozitif
Bu oyun gerçekten kötü.,negatif
Bu otel harika ötesi bir deneyim.,pozitif
Bu ürün inanılmaz derecede başarısız.,negatif
Bu hizmet berbat ve tatmin etmeyen.,negatif
Bu otel beklediğimden çok daha iyi.,pozitif
Bu kurs harika ötesi bir deneyim.,pozitif
"Bu restoran berbat değil, oldukça başarılı.",pozitif
Bu otel hiç iyi değil.,negatif
Bu ürün çok kalitesiz.,negatif
Bu kitap gerçekten kötü.,negatif
"Bu restoran harika değil, oldukça sıkıcı.",negatif
Bu kafe hiç kötü değil.,pozitif
"Bu kafe berbat değil, oldukça başarılı.",pozitif
Bu telefon hiç iyi değil.,negatif
Bu dizi inanılmaz derecede başarısız.,negatif
Bu dizi gerçekten kötü.,negatif
Bu film harika ötesi bir deneyim.,pozitif
"Bu müze berbat değil, oldukça başarılı.",pozitif
Bu oyun son derece etkileyici.,pozitif
Bu film çok kalitesiz.,negatif
Bu uygulama gerçekten kötü.,negatif
Bu hizmet gerçekten kötü.,negatif
Bu dizi son derece sıkıcı.,negatif
Bu kurs son derece sıkıcı.,negatif
Bu otel tam bir mükemmellik.,pozitif
Bu hizmet çok kalitesiz.,negatif
Bu şarkı beklediğimden çok daha iyi.,pozitif
"Bu kitap harika değil, oldukça sıkıcı.",negatif
"Bu kurs iyi değil, oldukça kötü.",negatif
Bu şarkı hiç kötü değil.,pozitif
Bu kitap çok kalitesiz.,negatif
Bu kafe gerçekten kötü.,negatif
Bu dizi inanılmaz derecede başarılı.,pozitif
Bu müze hiç iyi değil.,negatif
Bu uygulama inanılmaz derecede başarılı.,pozitif
"Bu kurs harika değil, oldukça sıkıcı.",negatif
Bu müze son derece sıkıcı.,negatif
Bu şarkı harika ötesi bir deneyim.,pozitif
Bu kurs gerçekten kötü.,negatif
Bu hizmet beklediğimden çok daha iyi.,pozitif
"Bu uygulama kötü değil, gayet iyi.",pozitif
"Bu kitap iyi değil, oldukça kötü.",negatif
Bu dizi beklediğimden çok daha kötü.,negatif
Bu telefon harika ötesi bir deneyim.,pozitif
Bu kitap son derece sıkıcı.,negatif
"Bu hizmet iyi değil, oldukça kötü.",negatif
"Bu film kötü değil, gayet iyi.",pozitif
Bu dizi berbat ve tatmin etmeyen.,negatif
"Bu film harika değil, oldukça sıkıcı.",negatif
"Bu film iyi değil, oldukça kötü.",negatif
Bu telefon kötü ötesi bir deneyim.,negatif
Bu hizmet çok kaliteli.,pozitif
"Bu restoran kötü değil, gayet iyi.",pozitif
Bu otel tam bir hayal kırıklığı.,negatif
Bu ürün beklediğimden çok daha kötü.,negatif
Bu konser çok kaliteli.,pozitif
Bu film tam bir mükemmellik.,pozitif
"Bu hizmet kötü değil, gayet iyi.",pozitif
Bu otel hiç kötü değil.,pozitif
"Bu telefon harika değil, oldukça sıkıcı.",negatif
Bu müze gerçekten kötü.,negatif
Bu şarkı çok kaliteli.,pozitif
Bu hizmet inanılmaz derecede başarısız.,negatif
Bu kitap hiç iyi değil.,negatif
Bu oyun harika ötesi bir deneyim.,pozitif
Bu ürün son derece etkileyici.,pozitif
Bu restoran gayet güzel ve tatmin edici.,pozitif
Bu uygulama çok kaliteli.,pozitif
Bu uygulama berbat ve tatmin etmeyen.,negatif
Bu hizmet son derece sıkıcı.,negatif
Bu otel son derece sıkıcı.,negatif
Bu ürün çok kaliteli.,pozitif
Bu kitap inanılmaz derecede başarılı.,pozitif
Bu dizi hiç iyi değil.,negatif
Bu restoran çok kaliteli.,pozitif
"Bu dizi berbat değil, oldukça başarılı.",pozitif
Bu hizmet tam bir mükemmellik.,pozitif
Bu film gerçekten harika.,pozitif
Bu şarkı beklediğimden çok daha kötü.,negatif
Bu hizmet son derece etkileyici.,pozitif
Bu kafe gayet güzel ve tatmin edici.,pozitif
Bu otel çok kalitesiz.,negatif
Bu ürün beklediğimden çok daha iyi.,pozitif
"Bu hizmet berbat değil, oldukça başarılı.",pozitif
Bu kurs beklediğimden çok daha kötü.,negatif
Bu hizmet tam bir hayal kırıklığı.,negatif
Bu müze inanılmaz derecede başarısız.,negatif
"Bu müze harika değil, oldukça sıkıcı.",negatif
Bu kitap harika ötesi bir deneyim.,pozitif
Bu konser gerçekten kötü.,negatif
"Bu konser harika değil, oldukça sıkıcı.",negatif
Bu film son derece etkileyici.,pozitif
Bu telefon çok kalitesiz.,negatif
"Bu restoran iyi değil, oldukça kötü.",negatif
Bu kafe çok kaliteli.,pozitif
Bu şarkı gerçekten kötü.,negatif
Bu konser hiç iyi değil.,negatif
Bu oyun çok kalitesiz.,negatif
Bu şarkı berbat ve tatmin etmeyen.,negatif
"Bu şarkı harika değil, oldukça sıkıcı.",negatif
"Bu telefon iyi değil, oldukça kötü.",negatif
"Bu oyun iyi değil, oldukça kötü.",negatif
Bu müze tam bir hayal kırıklığı.,negatif
Bu şarkı çok kalitesiz.,negatif
Bu uygulama gayet güzel ve tatmin edici.,pozitif
"Bu kitap kötü değil, gayet iyi.",pozitif
Bu kitap gayet güzel ve tatmin edici.,pozitif
"Bu kafe harika değil, oldukça sıkıcı.",negatif
"Bu şarkı berbat değil, oldukça başarılı.",pozitif
Bu şarkı tam bir hayal kırıklığı.,negatif
Bu dizi hiç kötü değil.,pozitif
"Bu dizi iyi değil, oldukça kötü.",negatif
Bu kurs gerçekten harika.,pozitif
Bu hizmet harika ötesi bir deneyim.,pozitif
Bu oyun tam bir mükemmellik.,pozitif
"Bu kurs kötü değil, gayet iyi.",pozitif
Bu ürün kötü ötesi bir deneyim.,negatif
"Bu oyun harika değil, oldukça sıkıcı.",negatif
"Bu telefon kötü değil, gayet iyi.",pozitif
Bu konser kötü ötesi bir deneyim.,negatif
Bu kurs çok kaliteli.,pozitif
Bu telefon inanılmaz derecede başarılı.,pozitif
Bu telefon beklediğimden çok daha kötü.,negatif
Bu konser berbat ve tatmin etmeyen.,negatif
Bu şarkı hiç iyi değil.,negatif
Bu şarkı inanılmaz derecede başarısız.,negatif
Bu otel çok kaliteli.,pozitif
Bu hizmet hiç iyi değil.,negatif
Bu dizi harika ötesi bir deneyim.,pozitif
Bu uygulama son derece sıkıcı.,negatif
Bu kafe beklediğimden çok daha iyi.,pozitif
"Bu dizi kötü değil, gayet iyi.",pozitif
Bu uygulama inanılmaz derecede başarısız.,negatif
Bu kurs berbat ve tatmin etmeyen.,negatif
"Bu kurs berbat değil, oldukça başarılı.",pozitif
Bu müze beklediğimden çok daha iyi.,pozitif
Bu kurs tam bir mükemmellik.,pozitif
Bu telefon inanılmaz derecede başarısız.,negatif
Bu kurs inanılmaz derecede başarısız.,negatif
Bu restoran son derece sıkıcı.,negatif
Bu kafe çok kalitesiz.,negatif
Bu otel son derece etkileyici.,pozitif
Bu oyun berbat ve tatmin etmeyen.,negatif
Bu otel berbat ve tatmin etmeyen.,negatif
Bu ürün gerçekten kötü.,negatif
Bu film gerçekten kötü.,negatif
Bu ürün tam bir hayal kırıklığı.,negatif
Bu restoran berbat ve tatmin etmeyen.,negatif
Bu film berbat ve tatmin etmeyen.,negatif
Bu ürün gerçekten harika.,pozitif
"Bu konser iyi değil, oldukça kötü.",negatif
"Bu ürün kötü değil, gayet iyi.",pozitif
Bu kafe tam bir mükemmellik.,pozitif
"Bu uygulama harika değil, oldukça sıkıcı.",negatif
Bu restoran tam bir hayal kırıklığı.,negatif
Bu şarkı inanılmaz derecede başarılı.,pozitif
Bu müze son derece etkileyici.,pozitif
Bu uygulama çok kalitesiz.,negatif
Bu hizmet kötü ötesi bir deneyim.,negatif
Bu hizmet beklediğimden çok daha kötü.,negatif
Bu telefon gayet güzel ve tatmin edici.,pozitif
Bu şarkı gayet güzel ve tatmin edici.,pozitif
Bu kurs hiç kötü değil.,pozitif
Bu şarkı son derece etkileyici.,pozitif
"Bu kafe kötü değil, gayet iyi.",pozitif
"Bu otel harika değil, oldukça sıkıcı.",negatif
Bu kitap berbat ve tatmin etmeyen.,negatif
Bu telefon tam bir mükemmellik.,pozitif
Bu oyun hiç iyi değil.,negatif
Bu konser inanılmaz derecede başarılı.,pozitif
Bu konser inanılmaz derecede başarısız.,negatif
"Bu otel kötü değil, gayet iyi.",pozitif
Bu konser son derece sıkıcı.,negatif
Bu kurs tam bir hayal kırıklığı.,negatif
Bu müze beklediğimden çok daha kötü.,negatif
Bu müze inanılmaz derecede başarılı.,pozitif
Bu restoran harika ötesi bir deneyim.,pozitif
Bu kafe inanılmaz derecede başarılı.,pozitif
"Bu şarkı kötü değil, gayet iyi.",pozitif
Bu telefon hiç kötü değil.,pozitif
Bu dizi gayet güzel ve tatmin edici.,pozitif
Bu kitap çok kaliteli.,pozitif
Bu kitap inanılmaz derecede başarısız.,negatif
Bu oyun son derece sıkıcı.,negatif
Bu konser çok kalitesiz.,negatif
"Bu telefon berbat değil, oldukça başarılı.",pozitif
"Bu kitap berbat değil, oldukça başarılı.",pozitif
"Bu konser kötü değil, gayet iyi.",pozitif
Bu restoran hiç iyi değil.,negatif
Bu şarkı son derece sıkıcı.,negatif
Bu kurs kötü ötesi bir deneyim.,negatif
Bu kitap gerçekten harika.,pozitif
Bu telefon beklediğimden çok daha iyi.,pozitif
Bu konser gerçekten harika.,pozitif
Bu konser harika ötesi bir deneyim.,pozitif
Bu restoran inanılmaz derecede başarılı.,pozitif
"Bu konser berbat değil, oldukça başarılı.",pozitif
Bu kafe harika ötesi bir deneyim.,pozitif
Bu kafe berbat ve tatmin etmeyen.,negatif
"Bu uygulama berbat değil, oldukça başarılı.",pozitif
Bu dizi gerçekten harika.,pozitif
Bu otel inanılmaz derecede başarısız.,negatif
Bu kafe beklediğimden çok daha kötü.,negatif
"Bu uygulama iyi değil, oldukça kötü.",negatif
Bu kafe son derece sıkıcı.,negatif
Bu otel kötü ötesi bir deneyim.,negatif
Bu film beklediğimden çok daha iyi.,pozitif
Bu telefon son derece sıkıcı.,negatif
Bu müze kötü ötesi bir deneyim.,negatif
Bu kurs çok kalitesiz.,negatif
Bu dizi son derece etkileyici.,pozitif
Bu ürün hiç kötü değil.,pozitif
Bu kafe inanılmaz derecede başarısız.,negatif
Bu oyun inanılmaz derecede başarısız.,negatif
Bu müze çok kaliteli.,pozitif
Bu film inanılmaz derecede başarısız.,negatif
Bu kafe gerçekten harika.,pozitif
Bu hizmet hiç kötü değil.,pozitif
Bu dizi çok kalitesiz.,negatif
Bu dizi çok kaliteli.,pozitif
Bu restoran beklediğimden çok daha iyi.,pozitif
Bu film kötü ötesi bir deneyim.,negatif
Bu film hiç kötü değil.,pozitif
"Bu ürün berbat değil, oldukça başarılı.",pozitif
Bu müze hiç kötü değil.,pozitif
Bu restoran gerçekten harika.,pozitif
Bu şarkı kötü ötesi bir deneyim.,negatif
Bu restoran gerçekten kötü.,negatif
Bu otel inanılmaz derecede başarılı.,pozitif
Bu dizi tam bir mükemmellik.,pozitif
Bu dizi kötü ötesi bir deneyim.,negatif
Bu telefon gerçekten kötü.,negatif
Bu film tam bir hayal kırıklığı.,negatif
Bu restoran inanılmaz derecede başarısız.,negatif
Bu kafe hiç iyi değil.,negatif
