id,text
5300,ürün gerçekten çok kaliteli.şık giyinenlerde kullanılacak türden.akşamları kullanılırsa daha etkili olacağı çok açık.
5301,2.kamera özelliği olsa da olur olmasa da mantığında yapılmış.harici bir odak tuşu yok.resimler genel olarak kalitesiz
5302,"ürün çok kaliteli ve güzel ve kullanışlı. beklediğimin üstünde performans, satıcısı ürünü hızlı ve sorunsuz gönderdi.teşekkürler"
5303,kurulum için hiçbir şey yok.çok kaliteli bir ürün değil ama fiyatına göre iyi.kiliflarin fermuarlari daha kaliteli olabilir.teşekkür ederim
5304,aldım  ama dıslerı karsılamadı ınce dıs oldu ve ıstenıldıgı gıbı bır urun degıl
5305,"ürünün başka mağaza lardaki fiyatına göre kıyaslarsam çok uygun, neredeyse yarı yarıya gelen firmalar var. kireç temizleme ünitesi kullanışlılığını arttırmış."
5306,kolye resimde göründüğü gibi güzel taşları da gayet sade duruyor  alelade değil zirkon . i̇çinden minik bir garanti kartıyla çıkıyor. kutusuda gayet şık. bu fiyata bu ürün gönül yapmaya yeter . bir arkadaşım için hediye olarak aldım. çokta güzel duruyor
5307,oğlum için aldığım paten çok güzel oğlumun çok hoşuna gitti. teşekkürler.
5308,ürünü 3 ay önce aldım. gayet güzel ve şık. fakat 1 tane sorun var. o da tarihi ayarlamak için düğme yok.
5309,ürünü aldım ve hemen araba koltuklarında denedim. hiç bir işe yaramadı. jantta oluşan balata tozlarını bile bir mutfak deterjanı kadar temizledi. ağır kir ve yağda hiç bir işe yaramıyor. bulaşık deterjanı ve benzeri birşey işte.
5310,bu fi̇yata bu ürün gerçekten mükemmel maske hedi̇yeli̇ güneş gözlüklü esktra gözlük taşimak zorunda kalmayacaksiniz üzeri̇nde ve yanlarinda açilan hava kanallari var bence bu fi̇yata alinabi̇lecek mükemmel bi̇r ürün
5311,bugüne kadar kullandığım en iyi ürün. tavsiye ederim
5312,hergün traş olan biri olarak makine işimi mükemmel gördü.
5313,"fotograflardaki boyutlara aldanmayin, anaokul mobilyasi kadar kucukler. ozellikle beyaz sehpalari kullanmak icin hic bir yer bulamadim. hic memnun kalmadim."
5314,uyku düzeniniz iyi yönde değişiyor bu kesin. sadece yükseklik konusunda daha dikkatli olmak gerek sanırım. benim için bir küçüğü olsa daha iyi olurmuş. kıyaslamanız acısında 170 boyunda 62 kg biri için biraz yüksek kalıyor. tavsiye ederim.
5315,gayet şık ve güzel bir tablo :) tavsiye ederim.
5316,çok dar ve kısa. mecburen kullanıyorum ama tavsiye etmem
5317,işte bu diyebileceğiniz bir koku...testerini kullandım ve hala koku üzerimde...ilk başta bahçe gibi kokuyorsunuz çiçek tonları...sonra ise balımsı hafif bir kokuyla kendini koruyor...çok kalıcı bir koku ve kampaya süper acil alınır bence....
5318,cihaz görünüş olarak güzl ancak ısınma sorunu hala var ve parmak izi okuyucu iphone kadar iyi değil sarjı da uzun süre gitmiyor bence iphone daha iyi 2 yıldız veriyorum görünüş olarak güzel oldugundan
5319,"ürünü çadırda kullanmak için aldım, gayet kaliteli. bu paraya alınabbilecek en iyi ürün diyebilirim. yalnız şu var ki nefesinizle şişiremiyorsunuz, bir pompa almakta fayda var."
5320,kesinlikle okunması fereken bir eser. i̇lber hoca kendi uslûbuyla çok güzel özetlemiş. 2 iş gününde elime gecti. iş ciddiyetleri için de teşekkürler hepsi burada
5321,makineninizin yanında 1-2 lens de taşıyabileceğiniz ideal bir çanta.
5322,konular cok üstünden geçilmiş derinlik yok açıkçası okuduğum tarih kitapları arasında aşağlarda kalır.
5323,kalem gayet güzel yazıyor.  roller kalem keyfi veriyor.
5324,güneş altında kaldığından yaklaşık 2 sene içinde çürüdü plastiği kırılmaya başladı. gölge altında kullanılması belki ömrünü uzatır. ancak ipi sağlam ve güvenli emniyeti sayesinde hiç düşme olayı olmadı.
5325,daha önce buna benzer bir ürün kullandım fakat bbu ürünün fiyatı ve garanti özellikleri sıkıntılı olabiliyo daha tanındık markalarda bayilikte sıkıntını çözebiliyosun gerçi bu fiyata 7 gün denemek gerekir diye düşünnüyorum
5326,büyük bir hevesle aldım.. görüntü olarak evet çok güzel.. dış görünüm.. iç hacmi .. harika şık bir tasarım.
5327,ürünü kullanım klavuzundaki yönergelere göre kullanmak biraz zor ama youtube üzerinden ürününün nasıl kullanılacağına dair videolar mevcut.
5328,diğer yorumlar daki kutu durumu doğru. yüzük kutusu gibi küçük. ancak sertifika falan yok. svarovski olup olmadığını anlayamadım. ama çok şık.
5329,ilkten tereddütle aldim ama hepsiburadaya güvendigim için siparis verdim. ayni boyle resimdeki gibi cikti kesinlikle tavsiye ederim baska modellerini de alcam inşallah.hiç şüpheniz olmasin
5330,ürünü yeni aldım. açıkçası diş taşı temizlemesini bekliyordum .beklentimi karşılamadı. sadece su fışkırtıyor .diş ipi yerine kullanılabilir gelişmiş bir alet oyüzden geri iade ile uğraşmıyacağım .fakat beklentimi karşılayamadı.
5331,"ürün iç derinliği az,yüksekliği az tv üzerine koyduğumda ayakları yaklasık önden ve arkadan 5 cm dışarı çıktı ürün 10 cm daha geniş,10 cm ha rafların içi yüksek olsa daha kullanışlı ve şık olur kargo biraz geç gönderildi"
5332,emeği geçen herkese teşekkür.bence bu paraya daha iyi bir ürün olmaz bence...
5333,normalden hafif geldi bana. plastik top gibi sekiyor. kaucuk basketbol topu izlenimi vermiyor. pompa topun yeterli basınca ulaşması için yeterli değil.
5334,üründe gönye kacikligi var yamuk bir şekilde taktım ayrıca kapağın birinde 2 ayrı yerde atmalar ve deforme var. gönye kacikligindan dolayı kapakların kenarları boşluklar kaldı sıfır oturmadılar bu yüzden görüntü çirkinliği var
5335,fazla beklenti ile almadım. başlangıç seviye için uygun denebilir..
5336,menzil olarak çok başarılı değil dip dibe iken 50-60 mbit görüyor.
5337,ürün güzel görünüyor. yalnız boyu biraz uzun. kargo 3 günde geldi fakat ya bebek arabasının bi kullanma kılavuzu olmaz ya paketten çıkmadı.
5338,çok ufak bir alanı gösteriyor park etmek için işime yaramadı daha önce bombeli olanı beğenmediğim için almıştım taktıktan sonra bombeli olanı çıkardığıma pişman oldum. bombeli olan biraz uzak gösteriyor fakat geniş açı arkayı lastikler rahat görüyorsun.
5339,"urun 5 yil uretici firma garantili,banyoda gayet tatminkar.."
5340,"fiyatı ucuz belki ama 1 hafta içinde oturulan ve yaslanılan yerin süngeri içine çöktü, kalitesiz... biraz daha para verip daha iyileri alınabilir..."
5341,"tavsiyem, yazın yaz lastiği, kışın kış lastiği kullanmaktır."
5342,"gayet şık, taşıması 10400'lüğe göre çok daha rahat. alüminyum gövde sağlam ama yapı itibariyle kolay kirleniyor ama kolayca da silinebiliyor."
5343,bu tür ürünlerin görülerek alınması gerektiğine kanaat getirdim
5344,"ürünü cumartesi sipariş verdim salı günü ulaştı.cihaz çok güzel,hiçbir donma takılma görmedim fakat modern combat 5 gibi oyunlarda bayağı ısınıyor."
5345,vestel magazasindan daha uygun bi fiyata aldim.urun kucuk ama cekmeceleri gercekten buyuk ve sessiz calisiyor.verilen paraya deger bi urun.hepsiburada sitesine tesekkurler.
5346,kitap bence isminden ve buradaki indirimden dolayı aldım.roman gibi değil ama idare eder
5347,kullanışlı fiyatına göre güzel bir ürün tavsiye ederim.
5348,siparişim çok çabuk geldi. hepsi burada ile ilgili hiçbir sorun yaşamadım. sürekli kullandığım bir site.
5349,"mükemmel, huzur verici. sanki bir çiçek bahçesinde yürüyormuşsun gibi tazelik veriyor insana. yalnız ben aldığımda kampanyadaydı. fiyatı düşünce kaçırmayın derim."
