id,text,etiket,gorkan_duzeltme
5343,bu tür ürünlerin görülerek alınması gerektiğine kanaat getirdim,0,
5018,ilk başta bende yorumlara inanarak aldım fakat aşırı derece de yanma yapıyor ve dayanılamaz oluyor. eğer acısına dayanırım diyorsanız alın. ama ben hiç ama hıc tavsiye etmiyorum. uzak durun bu üründen...,Qn,
5370,ürünü elime tam 6 günde ulaştırdılar. telefon tam bir rezalet sesi 5 mt den zor duyuluyor. fiyat performans açısından 0 puan. tambir zaman ve para kaybı,"Kn,Qn,Pn,Fn",
5237,"çekme mesafesi haricinde iyi.3-4 m den sonra çekim gücü azalıyr ve cızırtılar artıyor.ama kullanışı,görüntüsü olarak iyi.zaten telefon genelde yanımda diyorsanız tercih edebileceğiniz bi ürün.","Pn*,Gp",
5304,aldım  ama dıslerı karsılamadı ınce dıs oldu ve ıstenıldıgı gıbı bır urun degıl,"Qn,Pn",
5103,bu kadar iyi kalite de bir cihaz ama radyo neden koymamışlar. radyosu olmayan telefonu tercih etmem.,"Qp,Pn",
5147,"elektrik yokken pille de çalışsa ve ses kalitesi biraz daha iyi olsa 5 yıldızı hak edecekti. hepsiburada.com için yorum yapma gereği bile duymuyorum artık. yıllardır alışveriş ederim buradan, işlerinde gayet iyiler.","Pn,Sp",
5419,kaç kere denemede ancak çalıçıyor. çok zor çalışıyor . biraz daha para verip daha iyi bir makine alsaydım keşke .,Qn,
5126,hem ekonomik hemde kaliteli bir temizleyici. kesinlikle işini çok iyi görüyüor. pahalı markaları düşünmeyin pile,"Fp,Qp",
5259,açılıp kapanma herşey çok hızlandı. fakat kopyalamkta 60 mb/s geçmedi hdd de aynı hzda kopyalama yapiyor.,Pp*,
5357,bunu alacağınıza paranızı çöpe atın daha iyi. tek şarjda 3 saat gitmiyor. sesi de hem az çıkıyor hem de kalitesi düşük,"Qn,Pn",
5335,fazla beklenti ile almadım. başlangıç seviye için uygun denebilir..,Qp,
5395,urun 8 gunde elime ulasti. kargolamayi super yapmislar. zarar girmemis. ama avizenin alt kisminda desenlerinde silik ve kaymalar mevcut.  kutusunun icinden kurulumla alakali bir tek satir yazi bile cikmadi. ????,"Kp,Qn,Sn",
5159,kullanmaya başladığınız günden itibaren kokusuna aşık olacaksınız.eğer birisi bu parfümü size tavsiye etmiyorsa tek sebebi sadece kendisi kullanmak istiyordur.hem yaz hem kış kullanılabilir ancak sıcak havalarda kullanmazsanız daha iyi diye düşünüyorum.kalıcılığı çok iyi.,Pp,
5270,"üründen teslimat süresinden memnun kaldık.. hem çocukların hem de büyüklerin kullanabileceği türden bir ürün,  kesinlikle tavsiye ederim, boyutu da ev için ideal zannedildiği gibi başınız tavana değmiyor ve aşağıya gürültü de yapmıyor...","Qp,Kp,Bp,Pp",
5380,genel olarak tavsiye ediyorum. kargo 1 gün sonra ulaştı.,Kp,
5393,fiyat olarak cazip geldi aldım.ancak kokusu yüzünden 1 haftadır dışarıda tutmama rağmen gitmedi.sağlığa zararlı olabileceğini düşünüyorum.,"Fp,Pn",
5202,ürün güzel kedilerim zevkle yedi lakin kargoya çok geç verildi. ürünün elime ulasmasi 1 haftadan fazla sürdü,"Qp,Kn",
5064,büyük kitapçılarda bile bu fiyata bulunmuyor çok uygun olmuş . kitapları elinizden bırakamayacaksınız . çok sürükleyici bir seri. kampanya hemen bitmez umarım.,"Fp,Qp",
5445,ürünü bileğim ağrıdıgı icin aldım.yorumları okuyunca dahada ürüne icim ısındı.dün siparis vermistim.bugün elime gecti.kargosu hızlı.kokusu biraz var.estetik özelliğe sahip ve kalitesi en üst düzeyde.ama ürün kendisini cok güzel belli ediyor.tesekkürler hepsiburada,"Kp,Gp,Qp",
5399,uzun vadede yatırım için para biriktiremeyenler için kredi kartıyla taksit seçeneğini kullanarak alabilirler.güzel bir yatırım olacanağına inanıyorum.en son tarih basımı şeklinde gönderiyolar,"Fx,Qp",
5132,"kokusu hakkında yorum yapmaya gerek yok, bildiğim bir kokuydu fakat kalıcılığının bu kadar zayıf olacağını tahmin etmemiştim. sonuçta orjinal deniyo ama kalıcılığı çok zayıf. gün boyu kokusu üzerinizde kalsın istiyorsanız günde 4 - 5 defa kullanmanız gerekir.",Pn,
5266,var  fakat zaman gectikce degisik ve hos oluyor.bana hediye olarak gelmişti memnun kalmadim .,Qn*,
5135,telefon iyi yalniz icindeki rom cin romu oldugu icim bazi alanlarda ingilizce ve cin ce karakterler gorunmekte ve bu can sıkıyor...,"Qp,Pn",
5412,çok kotü.özellikle vidalama uçlarıyla toplamda 5 vida zor sıkarsınız,Qn,
5112,hepsiburadaya teşekkür ederim ürünü aldım geri iade ettim çünkü ürünü beğenmedim...bana kalırsa bu ürünü önermem ama hepsi buradadan gözünüz kapalı alışveriş yapın derim.,"Qn,Sp",
5447,şiparişim hemen kargoya verildi hepsiburadaya teşekkürler     küçük ama çok işime yarıyor bu tost makinası herkese tavsiye ederim özellikle de bekarlara,"Kp,Qp,Bn",
5175,arkadas tavsiyesiyle aldim kitabi. anlatimi kolay anlasilir. kesinlikle bakis acinizi degistirir. adem gunes in yakin takipcisiyim bundan sonra.,Qp,
5267,yaklasık 1 bucuk sene evvel almıştım yıkanmaya gelmiyor hemen pamukçuklanıyor. ısı konusunda da yetersiz .,Qn,
5137,"livanelinin eserleri tartışılmayacak derecede akıcı ve mükemmel , kitabın sonunda beklenmedik şeylerle şaşırtması harika olmuş ...",Qp,
