id,text,pool_label
3000,apple türkiye garantili yani ithalatçı firma garantili aldanmayın genpa bakmaz,negatif
3001,uygun fiyata ios ile tanışmak için ideal. teşekkürler hb.,pozitif
3002,gerçekten kaliteli.  sert değil. yumuşak ile sert arasında yumuşağa yakın:),pozitif
3003,"sadece cep telefonu değil, fotoğraf makinesi tablet vs. de artık powerbanklardan şarj olabilecek şekilde tasarlanıyor. büyük olması ve mi kalitesi nedeniyle seçtim. tahmin ettiğim kadar ağır değil. çantanında zeminine yerleştirince çok yer kaplamıyor.",pozitif
3004,görüldüğü gibi parlak değil çok mat o yüzden almayın derıim.,negatif
3005,yarın kapında demek 3 gün sonra oluo herhalde.,negatif
3006,lakin iç mekan boyamak çok meşekkatli. çünkü ürün hava püskürtmeli ve boya partikülleri her tarafa saçılıyor. ben saten boyada denedim. ve heryer boya tozu oldu. siz siz olun iç mekan boyamada tüm eşyalarınızı iyice kapatın. gözlük ve maske kesinlikle kullanılmalı.,negatif
3007,biz aldık hiç memnun kalmadık.yukarıdaki arkadaşlar neye göre bu yorumları yapmış anlayamadım,negatif
3008,hiç bir işe yaramayan metal bile olmayan birşey.,negatif
3009,resimde göründüğü gibi değil kalite ve dayanıklığı çok zayın. ben iade edip daha pahalı ve kalitelisini sipariş verdim.,negatif
3010,siparişin ertesi gün elime geçti. orijinal ambalajında batarya. teşekkürler.,pozitif
3011,"hepsiburada ürünü çok kısa sürede teslim etti, aynı günde kuruluma geldiler. makinenin kullanımı basit, gayet güzel yıkıyor fakat o kadar da sessiz degil bir de yıkama süreleri cidden uzun, pamuklu yıkamanın suresi 3 saat!",pozitif
3012,mesleğimiz gereği oldukça fazla sayıda a4 kağıdı tüketiyoruz. ayda 2-3 top harcadığımız düşünülürse ralamın yüksek olduğu anlaşılır galiba. bu ürün keşke 5-10 top şeklinde de satılabilse idi.,negatif
3013,"kalıcılık mükemmel, koku mükemmel, etrafa yayılım mükemmel...işin özeti bu :)",pozitif
3014,"gayet güzel ve hesaplı kalemler.hediye çekimi değerlendirmek için aldım,iyikide almışım sürekli kullandığımdan çok işime yarayacak,ihtiyacı olana,almak isteyene tavsiye edilir.markayı bilen biliyor zaten.",pozitif
3015,ürün güzel görüyor. data kablosu kesinlikle orjinal.. fakat şarj başlığı bana orjinal apple gibi gelmedi.. çok çabuk ısınıyor. ama yine de iş görür...,negatif
3016,gayet hızlı bir şekilde ürün elime ulaştı.cumartesi günü kargo verildi.teşekkürler.,pozitif
3017,fiyatına göre gayet güzel bir ürün yerli üretim olması nedeniylede herkese tavsiye ederim ihtiyacı olanlar gönül rahatlıgı ile alıp kullanabilirler..,pozitif
3018,bazı markaların dışında bu çaycılıkta ii olanda maalesef yok boşuna marka olmuyolar zaten.,negatif
3019,yastığı kampanyalı fiyattan almıştım aldığım fiyata göre iyi bir yastık yumuşak ve biraz yüksek tekrar kampanya olursa 1-2 tane daha alırım,negatif
3020,annemle r için aldim normal eski tv nin uydusunu taktim görüntü güzel değildi ertesi gün hd uydu aldim görüntü ses harikaydi bizim yaslilarin isini fazlasıyla görüyor tavsiye ederim,pozitif
3021,"gayet güzel ürünler bence, tavsiye ederim. sertliği yeni başlayanlar için oldukça uygun. i̇nternette aratıp bu lastiklerin kullanıldığı yararlı videolar bulabilirsiniz. ben buldum bir kaç kol hareketi, yaparken kollarımın çalıştığını hissediyorum.",pozitif
3022,ürün çekiş gücü bizi hiç tatmin etmedi. arzumun 1800 wattlık toz torbalı eski süpürgemiz bu makinadan daha iyi çekiş gücüne sahip. ama ürünün kalitesine söylenecek söz yok.,negatif
3023,"ben şahsen 3 aylık deneme sürecim sonunda pes edip, söktüm. bunun yerine aküden çok çok daha az güç çeken ledli modeller var, motosiklet sahipleri biraz daha pahalı olsa da başlarının ağrımaması için onları tercih etmeli.",negatif
3024,bi̇si̇klet kilidini bebek arabasi icin almistin urun cok guzel yanliz cok kotu kokuyor memnun kaldim tavsi̇ye ederim bence guzel saglam da dusunmeden alabilirsiniz fi̇yatida cok uygun kargoda bedava ustelik,pozitif
3025,urun güzel olmasına güzel ama kapak zor kapanıyor hiç güzel bir kapağı yok arçelik urunune yakismamis,negatif
3026,hepsiburada'ya hiç bir sözüm yok fakat üründen hiç memnun değilim arkasında boşluk olduğu için telefonla kılıf arasına sürekli toz giriyor,negatif
3027,tohum adeti kolay gorunur okunabilir yerde olmadigi icin paket geldiginde 15 adete 5 tl verdigimi gorunce para onemli degil 15 afet tohum isime yaramaz bekledigime degmez,negatif
3028,ürün dün elime geçti ve bu sabah uzun zamandır ilk defa adam gibi tost yedim. makine hemen ısınıyor. plakalara eriyen kaşar yapışmıyor. şunu unutmayınki hemen ısınması çok büyük bir avantaj sabah kalkıp tost yapanlara kesinlikle tavsiye ediyorum. bravo arzuma...,pozitif
3029,"aldım kullandım gerçekten mükemmel bir ürün plastik aksam içermiyor demlik kısmı cam, gizli rezistans var su plastik içerisinde isınmıyor tamamen çelik kaplamalı gizli rezistans sayesinde sağlıklı bir kullanış  sağlıyor herkese tavsiye ederim",pozitif
3030,çok kullanışlı ve etkili bir alet. 2 günde de elime ulaştı.,pozitif
3031,garip bir ürün zira 2 yıldır kullanıyorum bir gün mükemmel yapıyor bir diğer gün berbat ama hiç maşasız kalmaktan iyidir dimi:),negatif
3032,arkadaş bu ürüne kim kaliteli diyor anlamıyorum barfiks çekerken korkarak çekiyorum hatta bir defasında yerinden çıktı ve düştüm mazemesi kaliteli değil,negatif
3033,bu gün elime ulaştı hemen açıp denedim mükemmel lezzetleri ev ortamında sunan bir kahve makinası hiç çekinmeden hemen alın derim pişman olmazsınız!!!! hepsiburada ya sonsuz teşekkürler....,pozitif
3034,"kedim aç kalmayacak kadar yiyor, kuru mama ile destekliyorum. kokusu gerçekten çok kötü. ayrıca kedimin ağzı hiç kokmazdı, bu mamayı yedikçe ağzı kokmaya başladı. bahçedeki kediler sayesinde tüketiyoruz.",negatif
3035,ürün gerçekten çok ses çıkartıyor rahatsız edici yani,negatif
3036,yorumları okuyarak aldım evet küçük yazıyordu ama bu kadarını beklemiyordum.nihale yerine kullanan arkadaşı tebrik ediyorum çok mantıklı :) ama yinede çocuklar için yeterli olur ilgisini çeker.kargo ücreti ürünün fiyatından fazla :((,negatif
3037,"sokakta beslediğim canlar için aldım çok severek yiyorler, teşekkürler hepsiburada..",pozitif
3038,beklediğimden iyi çıktı.ürünler gayet güzel kolilenmiş ve özen gösterilmiş.plakalar ve barlarda deformasyon hiç yok.,pozitif
3039,2016 nın 44. haftası lasitik geldi. 3 gün içinde elime ulaştı. teşekkür ederim.,pozitif
3040,hızlı kargo ürün gayet başarılı şekilde elime ulaştı teşekkürler hepsiburada..,pozitif
3041,supurgemin ancak orjinal parcalarla calismasi tavsiyesi uzerine bir tek hepsiburada.com da satildigini gorunce hemen atladim hem uygun hem cok dayanikli .. tesekurler,pozitif
3042,"beyin tümörü, beyin fonksiyonlarının azalması ve vücut tahribatı... telefon alırken fiyatına, performansına bakıyorsunuz ancak unuttuğunuz en büyük özelliklerden biride sar değerleri. değerli dostlarım lütfen seçim yaparken bu hususu atlamayın.",negatif
3043,yastik kılıfı çok sert yastığın ebatlari küçük . kilifini degistirmek zorunda kaldim.,negatif
3044,ürün çok kali̇tesi̇z bi̇r ürün saman gi̇bi̇ dağiliyor yani̇ kali̇tesi̇z sunta çok pi̇şman oldum.,negatif
3045,ürünü alalı çok olmadı 1 aydır kullanıyorum pratik ufak gezintiler için uygun tek problem tekerleri çok sağlıklı çalışmıyor bazı tekerler tam basmıyor üç tekerlisi yapılsa sanırım daha kolay ve rahat kullanışı olur.,negatif
3046,yorumlar çok güzeldi ancak resmen kolonya gibi kokuyor.emilen bir kıvamı da yok çatlaklara etkili olur mu o kısmını bilemiyorum zaman gösterecek,negatif
3047,olumsuz özellikler: kamera loş ortamda iyi sayılmaz. aydınlık ortamda fazla titreştirmeden çekim düğmesine basmalısınız. telefonu kapatma düğmesi arka yüzde kamera altında. telefonu kapatmak için bazen yanlışlıkla kamera lensine basabiliyorsunuz. o da lenste parmak izi bırakıyor.,pozitif
3048,i̇yi günler arkadaşlar aracımda çok ağır olmamakla beraber hafif bir nem kokusu vardı aldım 3 tanesini taktım ama hiç bir faydası olmadı faydası olmamakla beraber kalıcılığıda yok bence değmez başka bir ürüne bakın...,negatif
3049,"mini dediğiniz telefon 4,5 inc ekran tek elle zaten kullanılmıyo",negatif
3050,bu fiyata bu kalite ancak h.b da olur ancak teşekkürler,pozitif
3051,menzil 300 metre kareye kadar çekiyor dediler ama 100 m2 alandaki internetleri bile görmüyor,negatif
3052,görüntü olarak çok şık durmasına karşın iç malzeme kalitesi çok çok kötü bir ürün. işinizi yine görür.,negatif
3053,fiyata göre idare ediyor fazla bir şey beklememek gerekiyor,negatif
3054,öncelikle hepsiburada com. a teşekkürlerimi sunuyorum ürün elime çok hızlı ve sağlam geldi ürüne gelincede gerçekten mükemmel bir ürün kullanışlı sessiz elektrik faturamdada hiç bir değişiklik olmadı herkese hiç düşünmeden tavsiye ederim,pozitif
3055,dudak üstü tüylerimi alırken canımı acıtmıyor ondan memnunum fakat yüz temizleme fırçası sivilce problemi olmayan bende sivilceye sebep oldu maalesef ve doktora gitmek durumunda kaldım.cildi hassas olan arkadaşlara önermiyorum fırçasını.,negatif
3056,yeşil olanından kullanıyordum. bunu ilk kez aldım . gayet güzel çizmeden temizliyor. fiyatı da gerçekten piyasanın neredeyse yarısı idi,pozitif
3057,desen güzel duvara yapistirinca çok güzel duruyor .,pozitif
3058,fotoğraflardaki gibi bükülmüyor. ona göre karar verin. bu şekilde bükülebilmesi için bileklerinizin ve kollarınızın çok kalın olması lazım. böyle bileği olan bir insanın da bu alete ihtiyacı olmaz.,negatif
3059,"çorap ilk yıkamada direkt küçüldü ,tabandaki  iplerin bazıları attı ve çok tülerdi sanki uzun zamandır kullanılıyormuş gibi bir görüntü oluştu, normal çoraba göre sıcak tutuyor fakat dayanıklı bir ürün değil.",negatif
3060,telefon super tum ozellikleri belirtilmis zaten bu fiyata gore  cillop gibi telefon arka kapagi deri olsaydi ve parmak izi okuyucu olsaydi daha guzel olurdu keske arka kapagi deri olsaydi ama bu fiyata gore fistik fistik,pozitif
3061,aracımda net bir değişiklik göremedim. yakıt tasarrufu sağlarsa iyi.,negatif
3062,kesinlikle alın derim fazla para vermeye gerek yok,pozitif
3063,"biz uygun bulup almıştık fakat resmen bozuldu. finish müşteri hizmetleri numarasını arıyorum, muhatap yok!",negatif
3064,"öncelikle metal profil yazdıklarına aldanmayın, sadece askı aparatı metal. diğer profiller plastik ve özensiz bir şekilde kesilmiş.",negatif
3065,ürün çok hızlı bir şekilde gönderildi. geldikten sonra denemesini yaptığımda açılışın çok geç ve kanal geçişlerinin yavaş olduğunu gördüm ve hepsi burada nın kolay iade yöntemi ile iade ettim.,negatif
3066,tasarim orta belki bir tik asagi ses kalitesi o zaman alabilirsiniz.,negatif
3067,- başarılı bir kaplaması var ancak elden cok kolay kayıyor. leke ve el yağını göstermemesi artı yönü.,pozitif
3068,"i̇şin komiği, ters çevirince gidiyor ama düz tarafında gidemedi bir türlü, tersi de masada kaymasın diye kaymaz malzemeden yapıldığından öyle de kullanamadım :)",negatif
3069,uzun zamandır limonlusunu arıyordum .100 adet fiyatı olarak çok uygun.1 gün sonra kargo geldi.fırsatı kaçırmayın,pozitif
3070,kesinlikle alın.. sessiz ve güzel siliyor arkadaşlar.. güzel ürün..,pozitif
3071,"ben ürünü i̇zmirden sipariş ettim.. güzelce paketlenmiş, piyasadan da uygun fiyatla almış oldum.. belirtildiği gibi aynı gün gönderilmiş.. benim sıkıntım kargo şirketiyle oldu, o sebeple elime geçmesi 3 günü buldu.. onun harici herşey süper :))",pozitif
3072,gayet guzel kurulumuda cok zor degil.saticida cok iyi hemen gonderildi hersey guzel.,pozitif
3073,fiyatı cok düsünce aldım kesinlikle güzel ve kaliteli,pozitif
3074,urunu kullandim baştan faydasi oldu gi̇bi̇ geldi̇ ama 1 gün sonra daha çok sizdirmaya başladi bençe fi̇ faydasi yok en kisa sürede bi̇ radyatörcüye gi̇di̇p yuaptiracam yada yeni̇ radyatör taktiracam,negatif
3075,bu fiyata gayet iyi bi ürün bence. tek sıkıntı kapağın çok iyi oturmaması. çekince hemen geliyo.mukavemet sıfır. bi klipsle iş halledilebilirdi halbuki çok kolay.,pozitif
3076,sürekli alırım bu markayı iyi bir ürün pek bişey demeğe gerek yok,pozitif
3077,"ürünü sipariş ettikten kısa süre sonra elime ulaştı,yaklaşık 2 haftadır kullanıyoruz.bebek arabasını kullanırken tekerleklerinden gıcır gıcır ses geliyor.ayrıca 2 yaşındaki oğlumu bindirdikten sonra emniyet kemerini bağlasam da kendi kendine içinden çıkması çok kolay..kemerin tasarımında sorun var..",negatif
3078,fiyatı güzel çekim gücü biraz zayıf su filtresi biraz çabuk temizlenmeli,negatif
3079,çok işe yaradı herkese tavsiye ederim . teşekkürler,pozitif
3080,berbat bebeğimin altı hep nemli kalıo bulursanız eskisini alın derim resmen hayal kırıklığı 12saate kadar kuruluk diyor ama emin olun 2 çişte sızıo ve ıslanıo kıyafetleri üretim hatası olmuş resmen bir daha da prima almam,negatif
3081,"i̇lk kızımı bu kremle büyüttüm, çok şükür kızım tombiş olmasına rağmen pişik sıkıntısı yaşamadım. i̇nşallah ikizleride bu krem ile büyüteceğim. gerçekten fiyatını hak ediyor.",pozitif
3082,içinde baya bir çıkıyor güzel bir ürün bence alın ben aldığımda yorum yoktu çelişkide kalmayın alın gayet güzel,pozitif
3083,ürün sıradan bir ürün rahatlıkla bu fiyata marketlerden bulunabilir tavsiye etmem,negatif
3084,"daha oncede almistim, michelin kalitesi ortada, yol tutusu cok iyi, arac icine gelen ses hissedilir sekilde azaldi. 2014 uretimi, 2 gunde teslim edildi. bu fiyata kacirilmaz. dusunmeden alinabilir. tesekkurler hepsiburada.",pozitif
3085,henuz 1 haftadir kullaniyorum...küvet icerisinde duvara astim...zamanla nasil olur bilmem ama şimdilik fonksiyonel oldu.. alinabilir bir ürün,pozitif
3086,+ bebek arabanız varmış hissine kapılıyorsunuz o kadar,negatif
3087,devamlı reziztans problemi yaşıyorum. bir keresinde fırın kendiliğinden çalışmış ve yangın çıkmasına ramak kaldı.,negatif
3088,"öyle çok bişey beklemeyin, müzik dediği iki çıngırak, tekerlekleri halı, kilim üzerinde çıkıyor, ama düz zeminde bir sıkıntı yok. fiyatına göre çok kötü diyemem ama muhtemelen başka bir ürün daha alacağım.",negatif
3089,hiç kullanışlı gelmedi bize. beklenti meselesi diye düşünüyorum. sızdırmazlık sıkıntı. ters çeviremiyorsunuz yağı biriktiren küçük bir kanal var. kısacası biz beğenmedik.,negatif
3090,gerçekten yorumlarda beli̇rti̇ldi̇ği̇ kadar kötü i̇şçi̇li̇k ve basi̇t malzemeye sahi̇p...fotoğraflara kanmayin...,negatif
3091,markanın  bununla birlikte yediveren cinsinden aldım  tarif edilen şekilde tohumları yatırdım çilek tohumlarının çimlenmesi  1 ayı  buluyormus bundan sonrası beklemek i̇nşallah  başarılı olursa tekrardan burdan neticeyi paylaşırım paketleme ve gönderim güzel,pozitif
3092,cok tesekkur ederım cok begendim kolyeyi gorundugunden deha guzelmiş hep burdan alışveriş yapıcam artık cok guvenilir bi alışveriş sitesi tesekkurler,negatif
3093,"bel ağrım için almıştım fakat bana iyi gelmedi, ağrım daha çok arttı. ürünü iade ettim fakat hepsiburada inanılmaz kolay ve hızlı bir şekilde iade işlemini gerçekleştirdi, teşekkür ederim. sağlık sorunu olmayanlar için güzel bir ürün olabilir. kaliteli malzeme kullanışmış.",negatif
3094,"dört aydır kullanıyorum..telefondan istediğim her fonksiyonu, yeterli seviyede alabildim..iphone 7 pluslu da kıyaslamayalım..bu fiyata bu özellikler iyi bence..şarj problemine de yeterli olabilecek çözüm bulunmuş..",pozitif
3095,3-kutu i̇çi̇nde gelen kulaklik kulakta durmuyor.ama pi̇yasada ayni marka vakumlu kulaklik satilmakta ve hari̇ka bi̇r sesi̇ var.,pozitif
3096,su akışı gerçekten çok iyi. ancak aldıktan 1 ay sonra bağlantı yerinden su kaçırmaya başladı gitgide arttı. kesinlikle tavsiye etmiyorum.,negatif
3097,bilgisayarınızda 3.0 usb girişi yoksa hız farkı göremeyeceksiniz. eğer bilgisayarınızda 3.0 usb girişi destekliyorsa hızı farketmemek mumkun değil. malzemesi konusunda daha iyi bi malzeme kullanılsaydı fıyat artardı bu fiyata bu malzeme.,pozitif
3098,ürün özellikleri çok iyi fakat bu fiyat etmez huawei fiyatları çok yukarı çekti ..,negatif
3099,bu ürün benim istediğim özellikte ve almayı düşünüyorum. fiyatı da indirimde olduğu için gayet de uygun geldi. inşallah bi aksilik çıkmaz.,pozitif
3100,"baslik kirliydi. ayaklar basit malzemeden yapilmis, duy kismi icin ucuz malzeme kullanilmis. kelimenin tam anlamiyla ucuz etin yahnisi yavan oluyormus dedirdiyor. ayrica cok kaba duruyor ve baslik kismi tam dengede durmuyordu. urunu iade ettim.",negatif
3101,arkadaşlar ben aldım hiç güzel değil . kenarının plastiği ayağını sıkıyor geri verdim ve profesyonel busso aldım,negatif
3102,"gözenekleri temizliyor, tüy ve küçük noktaları söküp aldı. cilt kesinlikle ferahliyor bunu farkediyorsunuz. tavsiye ederim",pozitif
3103,"kesimleri simetrik olmuyor, sakal için. şarj cok cabuk bitiyor ve en önemlisi de kablolu çalışmıyor, yarıda bırakabiliyor illa tam şarj gerek üstelik. aksesuarları on numara fakat makine yetersiz. özetle hayal kırıklığı.",negatif
3104,ürün 7. günde elime ulaştı. altı üstü uzatma kablosu.,negatif
3105,"paketleme güzel ama ürünün dengesi̇ bozuk geldi̇ i̇ki̇ vi̇dasi da paketi̇n i̇çeri̇si̇nden çikti.montaji kali̇tesi̇z,kendi̇m yeni̇den söküp taktim.masanin kenarindaki̇ şeri̇tler özensi̇z yapişmiş.bu fi̇yata bu ürün :)",negatif
3106,çok ses çıkarıyor ve 1 sene içinde arızalandı. hepsiburada.com üzerinden arızaya gönderince de param iade edildi ürünü ses den dolayı önermiyorum ama hepsiburada.com arıza süreci çok güzel teşekkür ediyorum.,negatif
3107,bu ürünü bu kadar kaliteli beklemiyordum bu çin malı naylon gibi olanlardan değil bu ürün çok kaliteli ve dikişli etkiside mükemmel akşamları yürüyüşe çıkıyorum ve inanılmaz terletiyor etkisinide görmeye başladım,pozitif
3108,fairy bulaşık makinası kapsulu 70 yıkama kullandım memnunuz hepsi buradanın yönlendirmesi ile kullanmaya başladım. her kese tafsiye ederim güzel ürün,pozitif
3109,fiyatına göre çok güzel.2.sınıfa yeni geçen okuma alışkanlığı zayıf öğrencilerim için aldım.çok sevindiler.sayfa sayısı iyi.resimlerde okumayı özendirici nitelikte.çocukları sıkmıyor.canlı ve hareketli bir görüntüsü kitapların.,pozitif
3110,primadan zaten memnunuz. o kadar ki iki buçuk yaşına geldik hala kullanıyoruz :) fiyatı çok uyguna geliyor,pozitif
3111,windowsphone telefonlar hiç bir işe yaramıyor. sadece mesajlaşmaya ve konuşmaya yarıyor. hiç tavsiye etmem. windows uygulama mağazasındaki uygulamalar boş uygulamalar. en kötü android telefonun yanından bile geçemez. sonra pişman olmayın.,negatif
3112,"ürün fotoğraftaki gibi şık durmuyor, işçilik çok kötü, üzerinde ki beyaz boyayı bile düzgün yapamamışlar.",negatif
3113,"çok pratik kullanımlı, güzel temizleğen, ayrıca dişetlerine de bakım yapan bir fırça. tavsiye ederim.",pozitif
3114,üzerinde fındık tanesi kadar diyor  sürmez olaydım banyoya zor attım kendimi felaket derecede yakıyor yinede tercih sizin benden soylemesi,negatif
3115,eşimde geçen yılki model var.ama 2016 modelinin kasası ve ekran kalitesi çok daha güzel ...a serisini çok beğenirken son anda bu modeli aldım..,pozitif
3116,kullanalı bir ay oldu tabletten yanık kokusu gelmeye basladı. firmayı aradım servıse gonderın dedı. bir hafta olmuş ya. oh ne ala. klasık samsung ve satıcısı,negatif
3117,yoruma bile gerek yok tek kelime ile mükemmel,pozitif
3118,"1 yıl kadar önce dizimi sakatladığım için antrenmanlarda çok tedirgindim. eski dizliğimi yurtdışından almıştım, yenilemek zorunda kalınca yorumlara bakarak bu ürünü tercih ettim, bu fiyata muhteşem bir ürün hiç düşünmeden alın.",pozitif
3119,"fiyatına göre özellikleri mükemmel, vestel gayet güzel bir ürün çıkarmış, 1 aydır kullanıyorum memnunum tavsiye ederim.",pozitif
3120,"büyük hevesle aldığım koltuk takımı kesinlikle insan içine çıkacak gibi değil, oturmak için aldığımız bir koltuk nasil ve neden bu kadar sert olabilir!!! iade etmek istiyorum. evdebiz den bir daha ürün kesinlikle almsm.",negatif
3121,kitap ve fiyat gayet güzel ama kargo kötü,pozitif
3122,htc marka telefonum için aldım. telefon şarjda iken elime aldığımda telefonun  kasası elektrikleniyor. metal kasadan elektrik sızıyor sanki. metal telefon kullanıcıları için tavsiye etmiyorum.,negatif
3123,çünkü ürün tarafımıza teslim edilmedi. size de böyle olaylar denk gelebilir. o yüzden onu düşünerek alın derim.,negatif
3124,bir defada 4-6 kişiye yetecek kadar mısır patlatabilir. gereksiz şekilde büyük..,negatif
3125,"görüntü olarak iyi, aynı zamanda sağlam bir ürün ancak maalesef kısa sürede paslandı.",negatif
3126,- montaja başlarken türksit müşteri hizmetlerini arayın yardım ediyorlar.,pozitif
3127,kırılmaz cam telefon ekranından daha küçük boyutta geldi ve kalitesi düşük.,negatif
3128,"ürünün ne altı yapışıyor , nede üstü telefonu tutuyor.ciddi başarısız bir ürün kesinlikle tavsiye etmiyorum",negatif
3129,"ben sadece fiyatına bakıp ısmarlamıştım doğrusu, yorumları okuyunca pişmanlık yaşadım... lakin yazı tahtası kalitesi ve gününde sağlam teslim gerçekleşince şaşırdım.. tereddütsüz sipariş edebilirsiniz.",pozitif
3130,ürün gayet kullanışlı ama her bölme arasında dikiş yok ayakkabı terlık ne varsa yerleştirdikten sonra yatagın altına koydum evim küçük oldugundan dolayı benım için kullanışlı bir ürün,negatif
3131,ürün elime beklediğimden daha çabuk ulaştı.hb a teşekkürler. ürünü kullandım. çok fazla bir şey beklmeyin. biraz daha fazla ödeyerek daha iyi mtkap alınabilirmiş. çok basit duruyor. uçlarıda çok basit.,negatif
3132,bu kadar iyi olacağını beklemiyordum bir tane 8w bir tane de 10w aldım 10w çok harika aydınlık veriyor.8w idare eder,pozitif
3133,"önceki modeli fusion ile aynı yapıda tek artısı 4lü başlık gelmesi fusion olanlar traş makinası almak yerine fusiona başlık almaları daha iyi olur. her şeyi aynı bu modelde mikrotarak yok, sadece yazısı farklı. i̇lla alacak iseniz mikrotaraklısını alın.",negatif
3134,fiyat performans olarak başarılı bir ürün iş görüyor.,pozitif
3135,ps4 dün elime hiçbir sıkıntı yok .paketleme çok iyi .. çok memnun kaldım. teşekkürler,pozitif
3136,"malzeme iyi ama tekerlek tam yuvarlak değil. dönerken balans yapıyor, çok titriyor. sadece çok düşük hızlar için uygun.",negatif
3137,sandalye geldi 2 kere kullandım hemen kırıldı bukadar da kalitesiz bir ürün olamaz bence boşuna almayın resimleride mevcut isteyene gönderebilirim,negatif
3138,"4 aylık kızım için sipariş verdim. çok sert ve sızdırma yapıyor, ayrıca sert olmasından dolayı bebeği rahatsız ediyor. diğer kullanıcıların yorumuna pek katılmıyorum. bu markayı ilk defa kullandik, markasından dolayı da tereddüt etmeden sipariş verdim fakat bir daha kullanmayı düşünmüyorum.",negatif
3139,"i̇stanbul i̇çi̇ bugün tesli̇mat seçeneği̇ i̇le aldim, 7 saat gi̇bi̇ kisa bi̇r sürede eli̇mde oldu teşekkürler gayet kullanişli bi̇r tablet tavsi̇ye ederi̇m.",pozitif
3140,"ürünün motoru çok zayıf, delme işlemi yapamaz durumda onun haricinde aletler işimi görür durumda...",negatif
3141,"ürün kullanım olarak güzel, fakat biraz küçük sürekli fareyi kullanacakların biraz eli yorulabilir. ben şahsen biraz daha büyük olmasını bekliyordum.",negatif
3142,ürünün resimleri mükemmel. açıkcası öyle bekledim çünkü hepsi buradan aldığım ürünler iyi göründüğü gibi geldi . ancak parçalarının plastikten ve raflarında kumaştan olması tamamen hayal kırıklığı yaşattı. çok kullanışsız. tavsiye etmiyorum.,negatif
3143,tıpkı anlatıldığı gibi ürün. asus zenfone 2 hızlı şarj ibaresi çıktı. gayet memnunum,pozitif
3144,ürün mutfağımda sağda solda duran bir çok şeyi topladı çok güzel kullanışlı bir ürün. fırın bölümünün üstünde bulunan sabit parça yerine ince çekmece olsa daha iyi olacak(onu da kendim yapacağım artık),pozitif
3145,malzeme kalitesis gürültülü çekiş vasat en önemlisi hiç pratik değil temizlemesi bir eziyet !!!!!!tavsiye etmem,negatif
3146,i̇yi ki almışım gelmesi 10 gün  sürdü ama çok memnunum teşekkürler,pozitif
3147,daha önce fi̇tness sporu i̇çi̇n kullandiğim eldi̇ven ve aynisindan bi̇r tane daha aliyorum.rahatlik açisindan hari̇ka bi̇r eldi̇ven ve kumaşi çok kali̇teli̇...kesi̇nlekle çok uygun bi̇r eldi̇ven.bu firsatlari bi̇ze yaşatan hepsi̇burada ya çok teşekkür edi̇yorum...,pozitif
3148,"sipariş vermeden önce kararsızdım ama saat elime geçince çook beğendim. oldukça zarif ve kaliteli bir duruşu var, kesinlikle tavsiye ederim:)",pozitif
3149,firma ürünü hemen kargoya verdi . kargo firması istanbul içine 2 de teslim etti. tek sorun kargo.,pozitif
3150,ürünü alıp aracıma deneme fırsatı buldum.aynen denilen şartlarda denilen şekilde araca uyguladım.arasçta hiçbir değişim görmedim.sonuç olarak etkisiz ve başarısız bir ürün.,negatif
3151,annem sürekli tüm yüzeyler al diyor. bi bildiği var sanırım :),pozitif
3152,yorumlara aldanarak ürünü aldım.lg  g3 telefonumu ekran tamamen kapalı halde yarım saatte %5 şarj etti. i̇ade işlemlerini başlattım ürün şık fakat çok yavaş şarj ediyor telefonu kullandığınız da da %1 bile artmıyor,negatif
3153,su tesisatı bağlantı flexleri çok kısa...biraz daha uzun ve kullanışlı olabilirdi...,negatif
3154,kask çok kaliteli ve de çok şık tavsiye ederim chopper tarzı için çok kullanışlı bir kask,pozitif
3155,emsalleri arasında kalitesiyle en one çıkıyor.  fov açısı yüksek tünel etkisi yok .parasının hakkını veriyor. kulaklık oynadığım oyunlarda çalışıyor. yanında gelen el kumandası bluetooth ile sorunsuz bağlandı.  lakin kaliteli oyun bulmak çok zor.,pozitif
3156,ürün elime çok hızlı ulaştı... bu fiyata bukadar kalite beklemeyenler mutlaka denemeli... diğer çay makinalarına oranla sessiz. hacimi büyük. kesinlikle tavsiye ediyorum...,pozitif
3157,i̇yi oy verenlere güvenip aldım yapıştırılma olduğunuda biliyordum bu amaçla aldım fakat (ya bazıları bozuk bazıları çalışıyo) iyi oy verenlerin gerçekten verdiğine inanmıyorum çünki dereceyi kusursuz monte ettikten sonra bekle bekle hiçbirşey okunmuyor.resimdeki gibi öyle rengarenk hiçbirşey yok!,negatif
3158,koku güzel ama malesef kalıcılık hiç yok.parfümü sıktığınızda kıyafete sinmesi beklenirken en azından diğer parfümlerde öyleyken bu parfümde öyle değil belli bi saat sonra koku iyice azalıyor.,negatif
3159,zaten kullandığım kılıf. mükemmel koruyor. rengi solmuyor.elden kaymıyor. çok şık.on tane kılıf almak yerine tercih ettim. fiyatı da uygun diğer yerlere göre.birebir orjinal,pozitif
3160,"ürün mopak marka diye aldık, kaliytelili beklerken gerçekten kaliteyi düşürmüş, mopak. defter tastiklerde kullancaktık fakat bu durumda kullanamıyacağız. çko ince kağıt.",negatif
3161,ürün hemen geldi hız yönünden bi sıkıntı yok kurulumu da cok kolay.ancak rafları hareket etmiyor ve ayakları masada eğri duruyor.,negatif
3162,çikolatalı tatlı birşey bekliyordum acı kahve gibi geldi tadı pek güzel değildi,negatif
3163,fiyatına göre iş görür bi ürün tavsiye ederim,negatif
3164,urun tahminimden daha kucukmus. ancak kedim icin bu sorun olmadi. top yuvarlanirken ses cikarmasi kedimin cok hosuna gitti. ilk gunler pesinden bayagi dolasti. tavsiye ederim.,pozitif
3165,"ürünü fiyatını uygun bularak aldım. proplan kullanıyordum, fiyatı 2 kat daha pahalı olduğu için vazgeçmek zorunda kaldım. ürün geldiğinde açtım kullandım sonradan farkettim ki ürün ton balıklı gelmiş. aldıktan sonra mutlaka kontrol edin.",negatif
3166,cektirmeler yuvasına bol geliyor ekstra yapıştırmak gerekti. montaş daha iyi planlanlana bilir mesala vidalı dübel kullanarak cektirmeler sabitlenebilir.,negatif
3167,"hem topaklanıyor hem de kolayca akıyor, bu tarz ürünlerde ucuza kaçmamakta ve suya dayanıklı bir ürün tercih etmekte fayda varmış, onu öğrendim",negatif
3168,artık tüm pencereler çift cam olduğundan çekimi yetersiz kalıyor ve düşüyor dükkan camları için kullanılabilir ama,negatif
3169,23 saatte elime ulaştı ürün hemde istanbuldan konyaya. servis kartı var ve hiçbir kusuru yok.sadece adaptör türkiye uymlu hale getirmek için aparat kutuya eklenmiş. o da iyi bi şekilde çalışıyor. emeği geçenlere teşekkürler...,pozitif
3170,bu ürünü alırsanız paranızı boşa harcarsınız. dişlere hiç bir katkısı yoktur.,negatif
3171,"bez siparişimiz, her zaman ertesi gün elimize ulaşıyor, bu konuda sıkıntı yok. ancak aylardır kullandığımız ve hiç sorun yaşamadığımız 5 numara prima'nın yeni içeriğini hiç beğenmedik. çocukta ileri derecede pişik yaptı. sanırım bez markasını deiğiştirme vakti geldi.",negatif
3172,"ürünü bir aydır kullanıyorum,normal diş fırçasına göre kat kat daha iyi temizliyor hem daha kısa sürede hem de sizi yorup diş etlerinize zarar vermeden tavsiye ederim ...",pozitif
3173,24 saat olmadan elime geçti . teşekkür ederim hızlı kargo için . fiyat performans güzel .,pozitif
3174,1 buçuk yaşında oyuncaklardan çabuk sıkılan kedimin tek favorisi. kedim severek oynuyor. tavsiye ederim.,pozitif
3175,çok kötü kokuyor. i̇ade ediyorum. daha kalın bir mat seçmenizde fayda var.,negatif
3176,"ürün çok yavaş çalışıyor,bu güne kadar aldığım kumandalı ürünler içinde kumandası en kötü ürün tuşlar içinde kalıyor basıldığında,biraz daha iyi bişey bakın kesinlikle bu paraları hak etmiyor",negatif
3177,"telefonu ilk elime aldığımda içimde bir burukluk oldu, kartımızı taktık açtık menü bi acayip geldi, dokuınmatik çok zayıf biraz sert basmamız gerekiyor, iyi mi kötü bişey diyemem ama keşke başka bir telefon alsaydım demekten de kendimi alamıyorum",negatif
3178,"fiyatı görünce hemen sipariş verdim ertesi gün elime ulaştı, gerçekten bu fiyata böyle kaliteli bir ürün beklemiyordum çok beğendim , uzun süreli kullanabileceğim bir ürün ayrıca çok şık",pozitif
3179,birde hangi şekilli tavanın geleceğini seçebilseydim süper olurdu,negatif
3180,kargo ilçe de olduğum için biraz uzun sürdü ama ürün fiyatına göre gayet güzel tavsiye edilir hepsi bura daya teşekkürler,pozitif
3181,teşekkürler hepsiburada.com ürün gayet güzel ve kullanışlı orjinal olması da cabası :),pozitif
3182,kalitesiz. kullanışsiz ve basit. daha ikinci gün ampuller patladı. fiyatı ucuz olsa bile buna değmez. almayın,negatif
3183,sadece analog vga girişi var başka yeri yok kablosuda çıkmadı görüntü tüm çözünürlüklerde biraz bulanık net birşey yok almayın tavsiye etmem,negatif
3184,evet boyut olarak büyük olabilir ama çokta dev gibi bir alet prize takıp masanın köşesine koyunca rahatsız etmiyor.,pozitif
3185,aldığım urunun kullanma kılavuzunda paket icerisindeki parcalarin hangi durumlarda kullanılacağı (örnek. hangi uç ile beton delinecegi) yazmiyor. ayrica parcalar cokta kaliteli değil.,negatif
3186,ürün gayet kaliteli. kullanımı ve mekanizması basit. gönderi hızı normal. f/p ürünü olarak iyi bir seçim olduğunu düşünüyorum,pozitif
3187,ürün hemen elime ulaştı.peşin fiyatına 12 taksit olması nedeniyle fiyatı uygun. ürün çok güzel paketlenmişti. ne aldığınızı sizden başka kimse görmüyor. yatırım yapmak isteyenler için iyi bir fırsat.,pozitif
3188,sonuç: yazin yaz lasti̇ği̇ kişin kiş lasti̇ği̇ kullanin 4 mevsi̇m aldatmacasina kanmayin...,negatif
3189,- kamera için ayrıca bir tuş yok. ekrana dokunarak çekildiği için net çekim yapılamıyor. i̇llaki el titriyor. kamera kullanışını etkiliyor...,negatif
3190,"i̇lk gün paketten cıkarıp acık havada bekletin, plastik kokusu gidiyor.",pozitif
3191,özellikleri de gözöznünde bulundurulduğunda bu fiyata oldukça iyi bir makine. hem de 1000 devir ve a+. tavsiye ederim.,pozitif
3192,"ürün şekil olarak güzel duruyor ama masa kısmı çok alçak kalıyor aynı zamanda masa genişlik olarak çok dar, kitaplık kısmı da kullanışlı değil iki bölmesi hariç diğerlerine kitap sığmıyor, çocuklar için daha ideal bir ürün.",negatif
3193,"ferah ve hafif bir kokusu var, orta kalıcılıkta. tam bir yaz kokusu ancak benim gibi ferah kokulardan hoşlananlar için günlük kullanıma da uygun.",pozitif
3194,öncesinde android kullanıcısıydım.windows mobilden çok beklentim yoktu fakat bu denli vasat olacağını düşünmemiştim.uygulama yok gibi youtube yok mesela oradan pay biçin.olan uygulamalar da doğru dürüst çalışmıyor.adam gibi çalışan tek uygulama whatsapp.sadece whatsapp çalıştıran dokunmatik bir telefon.tam tanımı bu doğrusu.,negatif
3195,kardesım gıt non stop al o da okey. ucuz etın yahnısı olayı var.1 tane kullandım kaldırıp 2 kutuyu cöpe attım.,negatif
3196,yüksekten asmanız gerekli. asacağınız yer yüksek ve çok uzun olmalı. standart ölçülerin dışında,negatif
3197,uzun yola gideceğimiz için eşime almıştım bu ürünü. telefonu 3 saatte yüzde 1 bile doldurmadı. boş yere para verip de almayın bence. servisine götürüp yaptıracak zamanım da yok açıkçası. saçma sapan bir şekilde paramız boşa gitti.,negatif
3198,süper bir mama beslediğim sokak hayvanları için aldım öyle böyle yemedıler hatta işyerindeki kangal köpeğimizde bayıldı. evimdeki goldenlarım içinde aynı firmanın enjoy markasını kullanıyorum . inşallah fiyat hep aynı kalır satıcıya ve hepsıburada.com aılesıne teşekkür ederimm,pozitif
3199,harika bir kitap. mutlaka okumanızı tavsiye ederim.yılmaz özdil üstadımıza da çok teşekkürler,pozitif
3200,ürün görüntü i̇ti̇bari̇ i̇le güzel ancak 1günlük sakal dahi̇ olsa almiyor hele hele boyun alti çene kismi ci̇ldi̇ çok fazla tahri̇ş edi̇yor . bu ürüne bu para çok fazla. markaya aldanma,negatif
3201,"söz verildiği tarihte kargolanmasa da yine de oldukça erken bir zamanda ulaştı elime. daha incelemeye fırsatım olmadı ama oldukça şık, uygun fiyatlı ve işlevsel bir telefon.",pozitif
3202,bu ürün yerine sallan at alabilirsiniz hem tekerlekli olanları var ben kızıma bu üründen almıştım beğenmedi zaten 1 yaşından önce çabuk sıkılıyorlar hem tekerlekleri çok iyi dönmüyor ben beğenmedim kısacası,negatif
3203,uzun süredir almayı planlıyordum ve bir türlü cesaret edememiştim. almaya karar verdim sonunda ve aldım. herkese tavsiye ederim. çok kullanışlı ve pratik.,pozitif
3204,"kokusu cok iyi fakat kalıcılık vasat, kullandıktan 5 dakika sonra kokudan eser kalmiyor...",negatif
3205,bunun yerine alternatif olanları guex felan ala bilirsiniz normal cilalardan daha zahmetli evet ise yariyor biraz ama dierleri daha iyi ve fiyat olarak daha uygun.,negatif
3206,ürün bankadan aldığım hgs için küçük geldi dolayısıyla bir işime yaramadı.,negatif
3207,"beklentiyi yüksek tutmamak lazım, çok başarılı bir ürün değil.",negatif
3208,çok uygun fiyatlı. bence baya da işe yarıyor,pozitif
3209,2004 nissan maximanın tavanında uyguladım ve kirler geçip yerini lekelere bıraktı! ama plastik aksam ve yer döşemeler için ilk denemede güzel sonuç veren bir ürün..sert bir sünger yada fırçayla denenmesi tavsiye edilir!,negatif
3210,tümü metal diye bekliyordum.ama ust metal kaplama sadece ve aktarım hızı çok yavaş. ayrıca usb yuvasına zor takılıyor.,negatif
3211,sürekli hepsiburada.com dan alışveriş yapıyorum . özellikle ilk akışverişimden sonraki alışverişler çok hızlı bir şekilde ilerliyor . sitenin arayüzü çok iyi .,pozitif
3212,almadıysanız almayın çünkü müthiş akıtıyor... bugün alsalar seve seve geri veririm...,negatif
3213,"ebatları tahminimden daha da küçük, bebeğin omuz kısmına gelen yerleri boş, ürünün malzemesi kaliteli olsa da fazla iş gören bişey değil.",negatif
3214,"cildim karma-yağlı ve bana çok iyi geliyor.  hem fazla yağlanmayı, parlamayı önlüyor, hem de kuruluk yapmıyor.",pozitif
3215,makina süper tavsiye ederim. alacak kişinin aklında hiçbir şüphe kalmasın kesinlikle. büyük ve işlev super.,pozitif
3216,teslim aldım fakat berbat bir ürün emekliyseniz ve tüm günü bir cama ayırmaya vaktiniz varsa tavsiye ederim bunla camı silmek yerine vileda ile silmek daha mantıklı :),negatif
3217,f/p göre şahane.. tabii ki daha iyi olanları vari ama bu fiyatın 5-10 katı fiyatına... tercih sizin,pozitif
3218,"kızım çok sevdi, hatta biraz fazla... teslimat hızlıydı.tavsiye ederim.",pozitif
3219,bu fiyata en iyi okuma-yazma hızını veren usb bellek yoğun kullanımlarda hafif ısınıyor plastik gövdesi ilk günler sağlammış hissi vermedi ama kasası sağlam.,pozitif
3220,"urun kibar ve şïk. fiyati da piyasa urunlerine gore uygun, elime hizli ulasti 5 yildiz??",pozitif
3221,"kırılmaz özellikli diye aldım fakat eski bildiğimiz ince cam koruma filmi geldi. kendi hatam tabi ki, biraz daha araştırma yapmak lazım. 3 adet çıkıyor. kalite iyi ama daha ucuza kırılmaz bulabilirsiniz.",negatif
3222,"3- googleplay de bazı oyunlara uyum sağlamıyor. (örnek brother in arms, real racing 3 vs.)",negatif
3223,-ürünü raspberry pi boarduna işletim sistemini yükleme amacı için aldım.yüksek okuma hızı yüksek açılış demektir.bu da performans olarak kazanç sağlıyor.,pozitif
3224,hızlı ve guvenırlı yorumlarda anlatıldıgı gıbı hızlı sarj edıyor,pozitif
3225,"ürün çok kaliteli görünse de arabada kullanamadım, kesinlikle tutmuyor zemini. camda denedim, orada tuttu duruyor derken sabah arabaya bindiğimde yine düşmüştü. malesef ben verim alamadım, tavsiyelere açığım.",negatif
3226,almadan önce tereddütlerim vardı acaba diye. ama şimdi iyiki almışım diyorum gerçekten boyundan büyük işler yapıyo alır almaz denedik çekiş gücü mükemmel halıyı kaldırıyor yerinden nerdeyse. i̇yi ürün süper fiyat hızlı kargo teşekkürler,pozitif
3227,yani cok mukemmel bi telefon eyer alıcaksanız düşünmeden sipariş verebilirseniz :),pozitif
3228,zamanında ve bahsi edilen ürünler elime ulaştı. teşekkür ederim.,pozitif
3229,ford arcimda kullaniyorum urun yeni tarihli geldi mobil kalitesi ve tesekkurler hizli gonderi icin hepsiburada,pozitif
3230,"bu tarz ekipmanlarla tanıştıktan sonra filtre kahve makinamı rafa kaldırdım,kahveyi içmek kadar bunlarla uğraşmak keyif veriyor bana,aeropress esspresso falan değil,kalite bir filtre kahve içebilirsiniz",pozitif
3231,aldıktan iki gün sonra donmalar başladı saat dahi oynamıyor batarya boşalana kadar ısınıyor ve şarjı hızlı bitiyor restart yapınca düzeliyor.servise gitti geldi aynı sorun devam ediyor değişim yapılmıyor uğraşmak isteyenler alsın.,negatif
3232,"alacaklara tavsiye ediyorum. 2 gündür kullanıyorum, henüz bir sorun yaşamadım. cihaz android 5.1.1 arayüzü güzel olmuş gibi. teknik özellikler de başarılı. kamera da 13mp beklentisine girmeyin. olsa olsa 5mp gibi. i̇stanbul içi teslimat gayet hızlıydı.",pozitif
3233,çok fazla kum sesi geliyor her indirip kaldırdığımda kumlar bir aşağı bir yukarı çıkıyor :) yani kötü fiyatına oranla bile kötü bir ürün tavsiye etmiyorum yorumlara kanıp aldım tabi sese aldırmazsanız iş başka artık idare edicez yapacak bişey yok.,negatif
3234,ürün elime dün geçti aldım ve hemen uçurmaya başladım kesinlikle harika ve çok zevkli okadar düşürdüm hiç bir şey olmadı bayağıda sağlammış almak için düşünenlere tavsiye ederim,pozitif
3235,"bu siteden muhtelif kalemler aldım, ancak, bu kaleme alıştıktan sonra sürekli bu kalemden sipariş verir hale geldim. yazı yazmak için ideal, gerek dışı gerekse mürekkebi, akıcılığı",pozitif
3236,ürünü beğenmedim. en önemlisi bildiğin sünger içinde tel var istediğin gibi şekil veriyorsun ama suda yüzüyor kumun altına gömdüm yine para etmedi. cama sabitlemek lazım.,negatif
3237,ürün 5 gün icinde elime geçti görünümü güzel baktığınızdan biraz daha iri ve icinde sallanan kum olmalı bu fiyata en iyisi diyebilirim,pozitif
3238,bence gerek görünüş gerekse özellik olarak bu fiyatta başka hiç bir ürün bulmazsınız düşünenler çok fazla beklemeyın bu fıyat düşmez artar,pozitif
3239,uzun süre kullanabileceğiniz bu ürünü üniversitedeözellikle iibf vb. fakültelerde kullanabilirsiniz. kolay kullanımı ile sınavlarda yardımcı.logaritma ve algoritma hesaplarını açık bir şekilde yapabiliyor.,pozitif
3240,"oyuncaklar için kullandım ve sorunsuz bir şekilde çalışıyor ve pil ömrü de gayet iyi. daha uygun bir pil alıp defalarca değiştirdiğinizde emin olun daha pahalıya geldiğini göreceksiniz. ayrıca bu fiyat hepsiburada haricinde hiç bir yerde yok, teşekkürler hb.",pozitif
3241,uygun fiyatlı olması ve köpeklerimin seviyor olmasından dolay tercih ediyorum. tavsiye ederim. deneyin pişman olmazsınız sanırım.,pozitif
3242,kargom en eken gönderi tarihinden erken geldi sipariş ettiğim zaman hemen kargoya verildi. fiyatı da çok uygun. hediyesi de çabası. hediyeli diye tercih ettiğim bir urundu. memnun kaldım.,pozitif
3243,"gerçekten kitap neden bu kadar abartılıyor?  herkes çok güzel, bayıldım vs... gibi sözler söylediği için aldım, çok pişmanım. detaylara çok girilmiş. okurken bunaldım. bitiremedim zaten. beklentilerin tamamen altında.",negatif
3244,ürün çok kısa sürede elimize ulaştı.kutudan çıkan hediyelerde güzel bir süpriz oldu. teşekkürler.,pozitif
3245,"kalitesi belli olan bir ürün, bu koli 3 adet mega boy paketinin birleşiminden oluşturulmuş. diğer markalar ile neredeyse aynı fiyata ....",pozitif
3246,ürün performans olarak fiyatına göre zayıf kalıyor. bu fiyata daha iyi markalar var daha yüksek performans sunan. ssd olarak gayet iyi ancak sitede daha iyi seçenekler var. i̇ncelemenizi tavsiye ederim. özellikle rastlantsal veri yazmada sınıfında biraz geri kalıyor.,negatif
3247,herkes okumalı ve okumayan arkadaşlarına tavsiye etmesi gereken bir kitap.bugüne kadar neden okumadığımı kendime sorduğum kitaptır.hızlı kargo için teşekkür hepsiburada.,pozitif
3248,perşembe akşamı sipariş ettim cumartesi ulaştı. sony kaliteli bir telefon yapmış. şarj ve fotoğraf konusunda başarılı.,pozitif
3249,ürün elime ulaşalı 2 gün oldu.kullanım ve içerik harika.öncesinde ıntouch 2 kullanıyodum bu telefonu alınca farkı fazlasıyla hissetim.fiyat makul bence almak isteyenlere kesinlikle tavsiye ederim,pozitif
3250,500 modelini işyerime 380 modelini de evdeki offisime aldım.gayet memnunum.son derece fonksiyonel ve rahat. i̇ndirimli olması da iyi oldu. özellikle boyun ağrısı çekenlere tavsiye ederim. alın pişman olmazsınız. verilen paraya değer.,pozitif
3251,bildirim ışığı kırmızı ve mavi sadece iş görecektir.,pozitif
3252,ürünü aldım ve denedim ilk denemem çok şaşırttı. tek kelimeyle mükemmel bir ürün. bunu anlayabilmen için kendi fiyatındaki makinelerle kıyas etmen lazım tabi.,pozitif
3253,arkadaşlar ürün eli̇me geldi̇ hi̇ç bi̇r sikintisi yok tavsi̇ye ederi̇m sahte paralari ayirt edi̇yor ucuz ve güzel chaz,pozitif
3254,kullanmaya başladıktan 1 hafta sonra bozuldu. görünüşü güzel olsa da aşırı derecede kalitesiz bir ürün.,negatif
3255,ürünü siparis ettikten sonra kisa surede elime ulasti kargo cok hizli ilgili satici yorumlara bakarak almistim kullandim gayet iyi tum ihtiyaclarinizi karsilayabilir tesekkurler hb,pozitif
3256,5 gündür tedarik sürecinde daha önce aldığım dumbellarda 20 günden fazla tedarik sürecinde beklemişti.bekle bekle bakalım nereye kadar. şu tedarik sorununu çözemedi bitürlü site,negatif
3257,ürünü aldığımıza çok memnun kaldık. bende 5 yaşındaki oğlum için aldım. taşıması hafif ve oldukçada rahat . ürün çabuk elime ulaştı hiç bir sorun yaşamadık. oğlum huysuzlanmıyor artık. teşekkürler hepsiburada.com,pozitif
3258,özet: heybetli duruyor. patron koltuğu imajının hakkını veriyor. oldukça fonksiyonel ve ergonomik. kurulumu kolay. tavsiye ediyorum.,pozitif
3259,kesinlikle tavsiye etmiyorum.kurulum ücreti alıyorlar.bu rakama çok iyi tv.alabilirsiniz.,negatif
3260,ürün istanbul içi geç teslimatla 4 günde elime geçti gayet iyi kokusu çok hoş,negatif
3261,arkadaşlar ürün iphone orjinal kulaklıkla aynı kalitede ses veriyor. ve hiç farkı yok orjinalden bir farkı yok tavsiye ederim... ayrıca hepsiburada.com dan aldıgım ilk ürün oldu bu inşallah bundan sonrada aynı hız ve kalitede        hizmet alırız.,pozitif
3262,ürünü montaj yapabilmek için ve kurulum kağıdında yazanları yapa bilmek için parcalara numaralandirma yapılmadığından  kurulumu yapılamıyor.,negatif
3263,çok kötü çünkü ürünü aldıktan yaklaşık bir ay sonra kargolandı ama fırçalar iyi,negatif
3264,bu kokuyu ilk kez kullandım. koku çok güzel fresh rahatlatıcı temiz bir koku.fakat kalıcılık çok kötü. parfümü üzerine boca ederek kullanan biri olaraktan.1 saat sonra kendim bile duymuyorum kokuyu ki etraf duysun.bende duştan çıktıktan sonra deodorant niyetine kullanıyorum artık...,negatif
3265,üründen 3 adet aldım memnuniyetle kullanıyorum kanal geçişleri hızlı menüsü güzel tüm kanallar ayarlı geliyor tek ve en büyük sıkıntısı kumandanın alıcısı olan gözün gece lambasını andıran kırmızı ışığı rahatsız ediyor. olmasa süper olurdu,pozitif
3266,ürün tam istediğim gibi ve dedikleri günde teslim edildi teşekkürler hepsi burada.com ??,pozitif
3267,fm radyo var. ( internet kullanmadan radyo dinleyebiliyorsunuz bazıları çok arıyor bu özelliği),pozitif
3268,başlıktada  olduğu gibi ben bu ürünü balık avlarında kullanmak için aldım malüm balık beklerken insan yorulabiliyor kolayca kurulumu ve toparlaması ile vakit kaybetmeden kendinize bir dinlenme yeri ayarlayabiliyorsunuz çook konforlu olmasada oldukça tatmin edici,pozitif
3269,alıcıya güven veren ve güvenle alışveriş yapacağımız bir sitedir. satış öncesi ve satış sonrası müşteriyle ilgilenen ve sorunlara çözüm bulan hepsiburada ya teşekkür edrim,pozitif
3270,cok eskisen kullandigim bir parfumdu.bu kadar ucuza gorunce dayanamadim aldim.kacirilmayacak bir firsatti.herkese tavsite ederim.koku cok guzel ve fiyati cok uygun.,pozitif
3271,fiyatına göre güzel yalnız minderin bağlantısı yok kayıyor montajı çok basit teşekkürler,pozitif
3272,ürün philips kutusu içerisinde geldi.torbalar çok küçük.sanırım 1 veya 1.5 lt kapasitesinde.süpürgem  fc 9194 ve orijinal torbası 5 lt.sitede çok aramama rağmen torba litresini bulamadım.ama modeli yazıp girdiğim için bu kadar küçük olacağını tahmin edemedim.kullanmadığım için henüz kalitesini bilmiyorum.,negatif
3273,"ben çay severim oralet severim diyenler değil de filtre kahve arayanlar rahatlıkla alabilirler, piyasadaki en iyi kahvelerden biri.",pozitif
3274,hepsi buradanın kaliteli müşteri hizmetleri ve hızlı kargo imkanları için ayrıca benzer sitelerden daha ucuz olması itibariyle alışverişten keyif almama sebep olduğu için teşekkür ediyorum.,pozitif
3275,"ben memnunum. tavsiye konusunda fikrim yok. ama ben pişman değilim. aracım eski, yıpranan kısımları kısmen kapattığına inanıyorum. arabam daha sessiz çalışıyor. motoru da zorlanmıyor. nedeni mobil1 yağı ile bor power kullandığım için de olabilir.",pozitif
3276,şarjlı pillerden sıkılmıştım bu fiyata kaçmaz sonuçta markanın kalitesi belli.,pozitif
3277,bu paraya anca bu olur ama işinizi görür...,negatif
3278,ürünü bugün teslim aldım. gayet güzel bir ürün kokusu yok ve dokusu güzel fiyatı da makul . tavsiye ederim.,pozitif
3279,"sipariş verdim tedarikçi firmadan bekleniyor yazıyor, nette filan bir açıklaması da yok, denemek için aldım gopro ile birlikte kullanacağım yani gopronun yardakçısı olacak inşallah sağlam cihazdır. elime geçtiğinde yorumlarımı yazacağım. i̇yi alışverişler",negatif
3280,"gücü az en önemlisi lümen değeri az, ampulün lümen değeri yüksek olmalı ki ışık şiddeti iyi olsun. alırken lümen değerine bakın.",negatif
3281,fiyat iyi piyasadaki adi dandik urunleri alacaginiza bu urun avantajli ve iyi bir fiyata urun,negatif
3282,ürünün tek eksikliği bence bataryasının çok düşük seçilmesi çünkü çok erken bataryası bitiyor ama kesinlikle tavsiye ederim bu fiyata buna benzer ürünleri kesinlikle alamazsınız kacırmayın bence alın,pozitif
3283,maus oyun için aldım çok iyi hakkını veriyor,negatif
3284,piyasa fiyatından daha ucuz bulacağımı sanmıyorum gayet karlı gözüküyor ama yinede alacak arkadaşlara tavsiye ederim altının ne olacağı belli olmuyor,negatif
3285,"bu ürünü çok heves ederek sipariş ettim, ürün düzleştirmede gayet iyi ama iyon teknolojisinden dolayı ses yapıyor o ses beni çok rahatsız etti bu yüzden üründen memnun kalmadım, hepsiburadaya geri iade ettim.",negatif
3286,"tedarik süreci biraz uzun sürdü ama beklediğime fazlasıyla değdi,kulağımın üzerinde sürekli ağırlık taşımak zorunda kalmıyorum,bluetooth alacak arkadaşlar başka ürün aramasın fiyat ve kalite beklentiyi karşılıyor,dükkan dükkan gezmeden ihtiyacımızı görüyoruz",pozitif
3287,bu ürünü bir kozmetik firmasında denedi kız arkadaşım ve çok hoşuna gitti.hepsiburadanda fiyatı uygun diye almaya karar verdim 1 haftan beri ürünü kargoya veremediler.iptal etmeyi düşünüyorum.,negatif
3288,"windows 10 olmadan usb kullanılmıyor, touch pad kullanılmıyor. 10 veya 8 kullancaksanız alın. 7 kullanmak için aldım, yanında gelen promosyonları attım diye iade edemedim.",negatif
3289,kablo kalitesi aynı iphone kalitesinde... adaptör çok ısınıyor tek eksisi bu ama diğer türlü fazla para vermeye gerek kalmadan böyle bir ürünü almak bence en iyisi... teşekkürler hepsiburada,pozitif
3290,ürün çok güzel hem ağır hem zarif çok şık :) çeyizim içindi teşekkürler hepsiburada ;),pozitif
3291,ses yapıyor ayrıca dönüş çok kötü tempo tutmak imkansız,negatif
3292,duvar için: 4 5 6 7 8 mm,pozitif
3293,telefonumla aynı marka olsun diye tercih ettim.gayet hızlı imiş.,pozitif
3294,eşimin vazgeçemediği bir parfüm. yaz kış kullanılabilir.hepsi burada da indirime girdikçe mutlaka alıyoruz. eşim 30 ml nin daha kullanışlı olduğunu söylüyor. 30 ml den 2 tane alınca koca bir şiseyi bir kerede açmış olmuyorsunuz.,pozitif
3295,"sokak hayvanlarinin çöp yediklerini dusunecek olursak bu mama onlar icin idare eder ama asla ve asla evinizdeki veya devamli beslediginiz canlilara vermeyin,kalitesi orta seviyede bile degil,fiyat avantaji dolayisi ile barinaklara toplu alip bagisliyorum,sadece o ise yarar.",negatif
3296,müşteri hizmetlerinden gelen cevabı yazıyorum belki lazım olur:,negatif
3297,"ben hepsiburada dan aldim, cok cabuk geldi. kullanisli bir urun. tavsiye ederim.",pozitif
3298,"en önemli nokta 1200 mah batarya içinde yok. ben batarya ile bu fiyata değer dedim aldım, batarya yokmuş, iade ettim. ama yinede herkesin zevki farklı.",negatif
3299,dekoratif ve sağlam. güzel işçilik yapılmış. resimlerde ampul aşağı olarak gösterilmiş fakat ben zevkime göre ters olarak duvara monte ettim. halatın içinde bakır tel var bu sayede halat dik durabiliyor.,pozitif
