id,text,pool_label,split
4000,"fiyatı ben aldıktan sonra daha da düşmüş,bu da tüh dedirten bir şey sonuçta...",negatif,test
4001,ürünü alalı 3 ay oldu. yerli ürün olmasını istemem ve fiyat açısından cazip olması kararımda etkili oldu. ancak 3. ayında aracın plastik aksamları yerinden çıkmaya başladı. sürerken ufak tefek engellerde dengesini bozuyor. alacak kişilerin detaylı incelemesini tavsiye ederim..,negatif,val
4002,çok ergonomik ayrıca arabirimi sayesinde istediğiniz şekilde ayarlanabiliyor. bu kısmı müthiş.,negatif,test
4003,bu ürünü indirimdeyken aldım gerçekten çok kaliteli almak isteyenelere tavsiye ederim..,pozitif,val
4004,ürünü geliş süresi iyiydi. ancak pil ömrünü beğenmedim. akşamda full dolu olan batarya gece boyunca hiç kullanılmamasına rağmen sabah kalkıp baktığımda %15 seviyelerindeydi. sanırım orjinal batarya almak daha iyi olacak,negatif,val
4005,"yorumları okuyup xl almam iyi oldu, aksi halde çok dar olabilirdi, ürüne gelince uzun bandajla uğraşmaktan ziyade böyle bir neopren den üretilmiş bileklik gerçekten iyi.",pozitif,test
4006,"neredeyse 15 kişiye aldırdım, süper bir cihaz, çok fonksiyonel. son derece başarılı bir çalışma, çok işime yarıyor, kesinlikle tavsiye ederim...",pozitif,test
4007,geçen yıl aldım. toplan 5 kere kullanmadım. kapağı çok kötü hava kaçırıyor. hatta bu gün ocağı kapattı. tavsiye etmiyorum.,negatif,val
4008,4 adet petlas lastik yanında hediye verildi lafta 2004 model aracım için 10 yaş sınırını aştığından geçersiz denildi. aslında bir yıldız bile çok bu ürün için.,negatif,test
4009,asla para ile satmayınız ve bunun yerine yarar herhangi bir şey vermeniz daha anlamlı ..,negatif,test
4010,bir süre önce aldım. sivri sinekler üzerinde uçuşuyor.hiç bir faydası yok.,negatif,val
4011,ürünü aldık ama on kapak çok iyi şık ancak arka kapak çok kötü  takiyoruz bir türlü oturmuyo çok basit alınmadan önce tekrar iyice arastirilsin derim,negatif,test
4012,gayet hızlı geldi fiyat iyi hediye lerde çabası,pozitif,val
4013,ürün kullanışlı çekiş gücü çok iyi fakat yan tarafından üflediği hava tozları çekemeden etrafa dağıtıyor birde kablo sarma mekanizmasının olmaması dezavantaj elle sarmak zorundasın,pozitif,test
4014,motoru korumasi yönünden güvenli̇k yönunden devamli terci̇h etti̇ği̇mi̇z bi̇r ürün ve bi̇zi̇ hi̇ç yaniltmadi teşekkürler hepsi̇buradaya. kargo ücretleri̇ dişinda hersey güzel,pozitif,val
4015,ürün gerçekten çok harika bir ürün... yeni sipariş için sepetime hemen attım beklemede... tüm herkese tavsiye ederim.... birine ev hediyesi falan mı alacaksın... hemen sipariş ver gelsin hemde adresine... memnun kalmazsa... ben buradayım...,pozitif,test
4016,alırken işe yarar mı diye tereddütlerim vardı ancak şimdi içim rahat ürün güzel herkese tavsiye ediyorum.,pozitif,test
4017,bu üründen önce de kullandım ve çok memnun kalmıştım. yine sipariş verdim... ders çalışırken ve de okuduğunuz araştırma vb. gibi kitaplarda önemli yerleri belirtmede en büyük yardımcım.,pozitif,test
4018,kurulum gayet kolay. ama sallantı problemi var. üst raflar çok dar değil ama kitapta tam olarak sığmıyor.,negatif,test
4019,dikiz aynası ve benzeri dar yerlerde pratik kullanım açısından çok kullanışlı bir ürün.hepsi buradan birşeyler alırken bunuda alışveriş listenize ekleyin bence.,pozitif,test
4020,rahat olmasina rahat ancak cok kotu bir kokusu var. yaklasik 1 haftadir kullaniyoruz ama koku azalsa da mevcut...,pozitif,test
4021,ayrıca bu özelliği iptal edememeniz de ürünün en büyük eksilerinden.,negatif,test
4022,"uygulamasi zor oldugu gibi, telefonun uzerindr muşamba gibi duruyor parmaginizi kaydirirken filme takiliyor berbat bir urun",negatif,test
4023,"bu fiyata bu kalite güzel bir ürün , yalnız paket içinde av kablosu da olsaymış daha iyi olurdu...",pozitif,test
4024,her lekeyi temizledi. bi 20likler yüzünden çaprazlaşan dişlerimin arasına girmedi o gerisi tertemiz.,pozitif,test
4025,"şarj süresi iyi, ısınma problemi beklenilen seviyede. yalnız bataryayı taktık takalı telefon titreşim modunda titrememeye başladı. o özellik iyiydi? neden samsung o özelliği kaldırdı durup dururken anlamış değilim!?",negatif,test
4026,annem i̇çin aldım ilk kullanmada faydasını gördü ve kısa zamanda elime ulaştı.,pozitif,val
4027,bundan daha iyi bulaşık yıkayan deterjana denk gelmedim. parlatma ve leke çıkarmada üzerine yok.kargo bedava fiyatıda cazip.hediyeside cabası ama ben birgün önce aldıgım icin hediyeden faydanalanamadım.tavsi̇ye ederi̇m,pozitif,test
4028,ürün sürekli aldığımız ürün. fiyatı piyasaya göre ucuz. 1 gün içinde teslim,pozitif,test
4029,telefon güzel ve uygun fiyatlı. ama rom yüklemesi yapılmış türkçe olsun diye. bu sırada knox 1 olmuş.  oluşan sorun nedeniyle şarjı çabuk bitiyor. bunu düzeltmek için tekrar servise yollamak lazım.,negatif,test
4030,"koku gerçekten güzel. ama sıktıktan 30 dakika sonra kokuyu ne çevrenizdekiler, ne de kendiniz alamıyorsunuz.",negatif,val
4031,"uygun fiyatlı, güzel bir ürün. ben 86 kg. olarak kullanıyorum, eşim ve çocuklarım da kullanıyor. gayet sağlam. kapının genişliği ve üst pervazınız uygunsa veya başka yere monte imkanı varsa tavsiye ederim...",pozitif,val
4032,hiç işlev görmeyen gereksiz bir harcama tavsiye etmiyorum.çok kalitesiz bir ürün.,negatif,val
4033,hepsiburada ya teşekkür ederim kaliteli ürün sağlam ve hızlı şekilde elimede ulaştı,pozitif,test
4034,küçük ama güzel tasarlanmış bir ürün kurulum çok basit çocuk odasında gayet güzel durdu sorunsuz,pozitif,test
4035,kızıma ve gelinime hediye olarak aldım kırmızı rengini i̇stediler çok beğendiler allah güle güle i̇yi günlerde kullanmayı nasip etsin i̇nşallah gayet kaliteli şık bir ürün rengi de çok güzel çok beğendim alacaklara tavsiye ederim,pozitif,test
4036,canbebe bebek bezi; kalite ve fiyat olarak çok iyi.,pozitif,test
4037,aldığım siparişi ürün hiç ürünleri iyi değil hiç de tasviye etmiyorum .hiç bir de etkisi de yok,negatif,test
4038,almış oldugum helikopterin kutu içeriğinde  usb şarj kablosu ve kullanim kilavuzu çıkmadı,negatif,val
4039,fiyatıda cok bişe degıl fiyatına göre oldukca ıyı bır urun teşekkürler hepsi burada.com,pozitif,val
4040,ürünü deneyen varmı plastik kalitesi nedir ? fiyatı uygun ama bunlar yere düşme durumunda çatlıyormu içindeki demir tozumu lütfen alan birisi yanıtlarsa çok sevinirim,negatif,val
4041,"planlandığı gibi kısa sürede elimize geçti. kullanıcılar tarafından test edildi, onaylandı, ilgilenenlere tavsiye edilir.",pozitif,test
4042,"-malzeme kalitesi iyi, oyuncak gibi bir şey değil, gayet sağlam görünüyor",pozitif,test
4043,aldığınız ürün tek mi yoksa çift olarak mı elinize ulaştı daha önce alan arkadaşlar cevap verirse sevinirim teşekkürler.ben tek diye biliyorumama yinede sormak istedim,pozitif,test
4044,arkadaşlar bu tür birşey düşünürseniz kesinlikle kaçırmayın harika bir alet,pozitif,test
4045,"pek memnun kalmadım. eskiden düzleştirici ile dalga yapıyordum, bu ürün daha pratik gözüktüğü için bunu denemek istedim fakat kendi düzleştiricimle dalga yapmak inanın daha etkili, kolay ve hızlıydı...",negatif,test
4046,ürünü sipariş ettim. ürün geldikten sonra hayal kırıklığına uğradım. fiyatına göre kaliteli bir ürün değil. tostu sıkıştırmak için bir ayarı yok. ayrıca şunu da belirteyim seramik veya granit kaplama falan hikaye. kaliteli bir döküm tost makinesi alın derim.,negatif,test
4047,"ürün iyi değil, %5i %75 anca yapıyor. pil ömrü çok kısa. kolay iade ettim ve hemen iade aldı hepsiburada. teşekkürler.",negatif,val
4048,3 haftadır kullanıyorum herhangi bir sıkıntı yok. aktarım hızı yeterli.,pozitif,val
4049,bu buzdolabinin ici belirli araliklarla buz tutuyor ve icine koydugunuz ürün eger arka tarafa degerse bozulmasina yol aciyor.buz kendiliginden akip gidiyor daha sonra ama bunu belli araliklarla tekrarliyor.bu yuzden tavsiye etmiyorum.onun disinda güzel bi ürün.,negatif,test
4050,umduğumdan çok daha güzel çikti ve tahmi̇ni̇mden hizli geldi̇,pozitif,test
4051,"biraz daha özgün oyunlar bekliyordum, 2 şubat 2016 da yatağın üstünde zıplama oyunu var güldüm kimse bilmiyor bunları.2017 yılı olsa iyi olurdu 2016 geride kalmak üzre  saygılar",negatif,val
4052,"arkadaslar huawei gr5, lg g pro 2, samsung galaxy bir modelinde denedim ama calismadi. sadece htc one x te calisti haberiniz olsun.",negatif,test
4053,ürün beklediğimden iyi çıktı keşke ampüllerinide yanında verselerdi,pozitif,test
4054,ürün 2 gün i̇çi̇nde eli̇me ulaşti. herhangi̇ bi̇r parça eksi̇ği̇ yoktu. fi̇yatina göre güzel bi̇r ürün. ürünün tek eksi̇ği̇ kurulum şemasinin çok yetersi̇z olmasi. önceden böyle bi̇r ürünün kurulumunu yapmadiysaniz epeyce zorluk çekebi̇li̇rsi̇ni̇z.,pozitif,val
4055,ürünü alalı 2 gün oldu ve yaklaşık günde 2 saat kullandım. fakat terlettiğini söylemek yanlış olur. umarım ilerleyen günlerde faydasını görürüm. yoksa boşuna almış olmak istemiyorum..,negatif,test
4056,"bu koku kesinlikle yaz kış kullanılabilir spor ama etkileyici bir tarzı var ,ml olarak gayet iyi ölçüde ,uzun süre kullanabiliosunuz. özellikle beyaz tenli bayanların gözü kapalı tercih edebileceği bir koku.",pozitif,val
4057,açıkçası hiç kullanışlı değil. yapışkanı çok zayıf hemen çıktı.  ayrıca açıp kapama da sıkıntılı.,negatif,test
4058,aslinda urunu alirken marka kalitesini bekliyordum ama piyasada satilan muadillerinden pek farkli degilmis. paslanir demir vidalar ilk hayal kirikligim oldu. su bosaltma dugmesinin islevsizligi de cabasi. i̇cinden de kullanim klavuzu da cikmadi. kurulumu pratik oldu diyebilirim.,negatif,test
4059,çok çok kötü bir ürün sakin almayın yazilan gibi yok hali süpur falan yalan çekiş gücü hiç mi hiç yok mümkün değil böyle bir el süpürgesi olamaz zaten bugün iade gönderdim.,negatif,test
4060,ürün 5 yıl önceki tv ler gibi arkası baya kalın görüntü kalitesi full hd uydu alıcısı kullanırsan belki iyi olabilir ama normal uydu alıcısında çok kötü bu paraya ne bekliyosun denilebilir ama bu kdar kötü bir performansta olmaz.,negatif,test
4061,bu hepsiburada.com sitesinde bilgileri yazan kişileri çok çalıştırıyorlar galiba. baksanıza 32 megabyte hafıza sahip telefon var diye ayrı bir kategori açıp satışını yapıyorlar. bravo sizlere.,negatif,test
4062,hızlı bir şekilde ulaştı. hediye olarak gelen ahşap testeresiyle ilk denememi yaptım. gayet başarılı bir kesim oldu. bu fiyata bundan iyisi şamda kayısı,pozitif,test
4063,"buharı normal ütülerden farklı değil hatta az bile. tek kelimeyle ""pişmanım""!",negatif,test
4064,"20 m2 mutfakta cok basarili. beyazligi, görüntüsü 10 numara.",pozitif,test
4065,imza icin ama yazim icin degil. ellerim batti...,negatif,test
4066,deneme amaçlı 1 adet almıştım. çok kullanışlı olduğu için bir kaç tane daha alacağım.,pozitif,test
4067,renk şeceneği olmalı. rastgele renkler geliyor. makinede yer kaybettirmiyor. çabuk yıkanıyor. dümdüz bir ürün.,pozitif,test
4068,fanların dağılımı  güzel cihazın her tarafına serinlik veriyor. fakat ses konusunda kötü ayar kısmında fan hızını düşürdüğümde dahi sesli çalışıyor..,negatif,test
4069,berber kokusu gibi geliyo ilk sıkınca ama sonra toparlıyor gibi sonradan,negatif,test
4070,sephorada 2 kere denedim.inanın kalıcılığı o kadar kuvvetliki 15 günden fazla dolabımı her açışımda montum kokuyor ve ben bayılacak gibi oluyordum.şeker dozajını aşmış.arabada arkadaşım sıkmıştı ve midem başım felaket oldu.angel   kullanıyorum o daha hoş,negatif,test
4071,lastikleri aldım kullanıyorum. konfor derseniz normal yaz lastiği düşünün derim.çünkü dört mevsim lastikleri normal yaz lastiklerine göre daha fazla ses yapıyor bilginize,negatif,test
4072,6-7 köpek üzerinde denedim sadece bir köpek tepkisiz kaldı... en son çöp konteynırında beni sürekli rahatsız eden kocaman köpekte denedim onun kaçıp gidişi rahat nefes aldırdı. tavsiye ederim,pozitif,test
4073,ürünün süngerle kaplı olması çok güzel. alacak kişilere tavsiye ederim . ayrıca fiyat olarak da çok uygun başka bi yerde bu fiyata bulamadım.,pozitif,test
4074,"sızmalara karşı ekstra ön ve arka bariyer koymuşlar ancak hiç bir işe yaramıyor. sızdırıyor. az buz değil, çok sızdırıyor.",negatif,test
4075,ürün çok toz halinde kullanımı çok zor.tavsiye etmiyorum.,negatif,test
4076,"kızıma hediye aldım gerçekten çok sevindi.düşünenlere şiddetle tavsiye ederim,siparişimden üç gün sonra elimize ulaştı.ayrıca hepsiburadaya da çok teşekkürler bu şartlarla kimse telefon satmaz.",pozitif,test
4077,kalıcılıgı çak az koku ilk başta kötü aama durdukça fena olmuyor günde iki üç defa kullanmak lazım,negatif,test
4078,eşim için aldığım cihazı özellikle büyük kangal cinsi köpeklerde  denedim... hayvanda bir tepki bile olmadı oralı bile değil yani :) ama  sokaktaki sümdük kendi halindeki köpeklerde çoğunda başaralı diyebilirim....,negatif,test
4079,"saclarima cok guzel sekil verdim kuaforden cikmis gibi oldu ..saclarimin uclarini dalgali bile yaptim ...(kisa saclarim)cok begendim ,cok basarili..",pozitif,test
4080,fotoğraftaki ürünlerin aynısı geliyor. fiyatı çok iyi bence. ayrıca bir makineyi fırça başlığı değiştirilerek birden fazla kişi kullanabiliyor bu şekilde.,pozitif,val
4081,esim cok memnun kaldi 2 aylik bebegimiz var her emzirme sonrasi uyguluyor ve hic yara olmadi.,pozitif,test
4082,"ürünü ilk aldığımda sesi katlanılabilirdi, işimi görüyordu. yaklaşık 5 saat çalıştırdıktan sonra ses katlanılamaz bir hal aldı. sese aldırmıyorsanız, ucuz bir fan arıyorsanız işinizi görebilir.",negatif,test
4083,ürün anlatıldığı gibi değil. taze dökülmüş çay lekesini çıkaramadı.,negatif,test
4084,"fiyatının uygunluğu nedeni ile buradan satın aldım. yorumların çoğunda belirtildiği gibi kalıcılık maalesef hiç iyi değil. kokunun bir karakteri yok. biraz daha para verip güzel parfüm kullanmanızı tavsiye ederim, ben de öyle yapıcam bundan sonra.",negatif,test
4085,ürünü gece 11de sipariş verdim. sabah 10da kargoya verildi diye mesaj geldi. hepsiburada hem fiyat hem de kargolama bakımından süper.,pozitif,val
4086,çok acil modem ihtiyacından dolayı satın aldım bu paraya alınır ama performans beklemeyin wifi kararlığı çok stabil değil.,negatif,val
4087,"arabayla ne taşlı yollardan gidiyorum hiç birşey olmuyor işim gereği günde 300 km yapıyorum bir kere düşmedi , piyasadaki en iyi araç için telefon tutacağı hiç şüphesiz",pozitif,test
4088,"ben bir arkadaşımda gördüm,bu fiyata göre iyi bence.",negatif,test
4089,"urun cok kaliteli cok ucuz ama 8"" tabletlere (amazon kindle fire hd 8) olmuyor.",negatif,val
4090,"çok severek verdiğim siparişim gelince hayal kırıklığına uğradım. dış malzemesini ahşap sanmıştım, fakat karton! ve bu özellikler bölümünde belirtilmemiş. bunu dikkate alarak sipariş verin!",negatif,val
4091,soğuk nedeni ile daha henüz kullanmadım. başka birinde kullanmıştım  beğendiğim için aldım. sadece çalışmasını denedim.  her halde iyidir. teşekürler... einhel aletlerinden kullandığım bazı cıhazlarından memnunum,negatif,test
4092,kılıf hızlı şekilde elime ulaştı ama beklediğimden çok kalın ve biraz kaba  çıkınca iade ettim. hızlı ödeme iadesi için hepsiburada.com a teşekkür ederim.,negatif,test
4093,üç değişik kokulu şampuanla yıkadım birkaç kere şampuanlı suda beklettim bir kaç gün havalandırdım hala berbat kokuyordu iade ettim,negatif,test
4094,"şimdiye kadar aldığım en iyi tabloydu , sağolun varolun",pozitif,test
4095,cane corso bebeğim çok beğendi fakat umarım mama içeriğinde fiyatı kadar iyidir,pozitif,val
4096,teslimat son derece hızlı 30 ağustos tatil olmasına ramen öğlrn 12 de sipariş verdim aynı günü akşamı saat 6 da elime ulaştı en ufak bir sıkıntı yok tamamiyle orjinal alıcaklara gözü kapalı almasını tavsiye ederim.,pozitif,val
4097,ürünü 1 yıl önce almıştım ilk başlarda güzel traş oluyordum şarjıda iyi gidiyordu ancak 4. ayda başlık arıza yaptı takılmalar yapıyor duruyor sürekli ve şarjıda çok çabuk bitiyor 3 kez traj yapan makine şuanda 2 traj zor yapıyor. tavsiye etmiyorum.,negatif,test
4098,"bosch marka kalite, memnunum, zincir bileme aparatı gerekiyor.",pozitif,test
4099,kargomu yeni teslim aldım ürün güzel sorun yok keşke arayüzü türkçe olsaidi birde kablosu uzun. herkese tavsiye ederim teşekkürler hepsiburada.com ailesine ....,negatif,test
4100,ürün elime geçince merakla denedim ürün iş yörür fakat ürümle beraber gelen aksesuarlar özellikle kesici ve aşındırıcılar işe yaramıyor zımparalar aparatlara oturmuyor bunların dışındaki aşındırıcılar metal haricinde işe yarar,pozitif,test
4101,hepsi burada tarihinde ilk defa yorum yapıyorum ve bunun da göz önüne alınmasını tavsiye ederim,pozitif,val
4102,"kardeşime doğum günü hediyesi olarak aldım. kokusu muhteşem, çok kalıcı. üstelik ambalajı ve parfümün şişesi çok orijinal. genç beylerin vazgeçemeyeceği bir koku. üstelik bu fiyata kaçırılmayacak bir fırsat. alan pişman olmaz.",pozitif,test
4103,ben de ürünü bugun itibari ile aldım. öncelikle hızlı gönderi için teşekkür ederim. istanbuldan karsa 2 günde gelmesi taktir edilecek bi durum.,pozitif,val
4104,ürün elime kısa zamanda ulaştı. küçük ve çok güçlü teşekkürler hepsi burada...,pozitif,val
4105,ürünü teslim aldım uyguladım sabahında bütün camlardaki sinekliklerimin aşagıda oldugunu gördüm bantlar yapışmıyor ne tozluydu nede pis nede ıslak ama yapışmadı hiç beyenmedım birde çift taraflı bant ile deniycem olmaz ise atmak zorunda kalıcam,negatif,test
4106,yaklaşık 1 haftadır kullanıyorum gerçekten memnun kaldım umarım bir problem yaşamam. bir önceki telefonumda lg g3 tü hanıma verdim hiç bir problemi yoktu ve hiç sorun yaşamadım g3 ilede ve gerçektende hem kamerası hem performansı ile beni çok memnun etti.,pozitif,val
4107,mağazanın birinde bu ürünü inceleme fırsatı buldum. homend marka kullanmış biri olarak çelik modelini alın derim. hem sağlıklı hem güvenli. benden tavsiye,negatif,test
4108,resimdekinden daha kucuk . zigolarin monte edilmis sekli hic saglam degil. imjani olan daha iyi bisey baksin.,negatif,val
4109,hattiniz hangisi olursa olsun goruntulu gorusme yapilmiyor ama diger internet gerektiren  programlarla yapilabiliyor.egerki goruntulu gorusme sik yapiyorsaniz hattiniz uzerinden almak mantikli degil.onun haricinde güzel sayilir.,negatif,test
4110,yanında gelen yağ diş kovuğu kadar . mutlaka yağ da sipariş edin .,pozitif,val
4111,sokaktaki canlar için uzun süredir her ay düzenli olarak aldığım ürün. o kadar severek yiyorlar ki onlar mutlu ben mutlu. şimdi bir de köpüşler için alıyorum. teşekkür ederiz hepsiburada ?,pozitif,val
4112,kızım doğduktan sonra farklı bir kaç pişik önleyici krem denedim. ancak sadece sebamed pişik önleyici krem pişik oluşmasını engelledi. o günden beride yalnızca bu kremi kullanıyoruz. çok memnun kaldık.,pozitif,test
4113,"ürün 1600 w ve çekim gücü çok zayıf , ürün fiyatını haketmiyor",negatif,test
4114,i̇le uyumsuz. çekmiyor doğru düzgün. sıksık şebeke sorunu yaşıyorum. boşuna almayın heves edip.,negatif,val
4115,her marka pili şarj edebiliyor. varta 2400mah piller ile sorunsuz şekilde çalıştı. led bilgilendirmeleri gayet başarılı. hızlı ve sorunsuz teslimat oldu.,negatif,val
4116,hepsi buradaya teşekkür ediyorum ürünüm istenilen zamanda elime ulaştı sağlam ve uygun fiyat.,pozitif,test
4117,"ürünü 2 sene önce aldım. başka bir mediaplayere bağlı olarak duruyordu. artık hiç bir şekilde içeriğine ulaşılamıyor, kendi kendine bozuldu.",negatif,val
4118,felice marka değil magic hose marka hortum geldi. ve bütün bağlantı yerlerinden ciddi şekilde su kaçırıyor. bağlantıları teflon bant ile desteklerseniz o zaman kullanılabilir hale geliyor,negatif,test
4119,"kalite sıfır ütü yaparken çok ses çıkartıyor,bacaklarında aksama var sallanıyor ve hiç güzel değil tavsiye etmiyorum. verdiğim paraya yazık şunu bir kez daha anladım ki alacağın ürünleri gözünle görerek kalitesini kontrol ederek almak gerekiyor.",negatif,test
4120,telefonu anlatmaya gerek yok zaten mükemmel bir telefon. hepsiburada ekibine teşekkür ediyorum hızlı ve kapalı kutu göndermişler. yanında aldığım spigen telefon kılıfı s7 için geldi tek sıkıntı o oldu. onun dışında alışverişte ve gönderimde hiç sıkıntı çıkmadı çok memnunumm,pozitif,test
4121,çok basit bir ürün ısı ayarı bile yok.,negatif,test
4122,sesi çok ğür çıkıyor ancak acıp kapattıktan sonra en baş şarkıya geri dönüyor ki aynı şarkıları dinlemek ten bıktım ve kaldırıp attım alısanız bunu düşünün,negatif,test
4123,"120 tl ye geldi daha ne olsun. ucuz çin malı fiyatına çook kaliteli bir ürün, çantasıda çok kullanışlı ayrıca. başka sitelerde 300 tl den başlıyor",pozitif,test
4124,ağız yapısından dolayı bebeğimiz hiç sevmedi bu ürünü - defalarca denememize rağmen.,negatif,test
4125,"eski hgs etiketini etiketini ve site giriş etiketini bezle hafif ovarak çıkardım, işe yarıyor",pozitif,val
4126,"fiyatına göre fena sayılmayacak bir ürün, ben krem renkli olanını aldım çok güzel bir görüntüsü var. demonte halde gelmesine karşın kurulumu çok kolay, ancak ürünü görerek satın alma imkanım olsaydı biraz daha fazla ücret ödeyerek, kaliteli bir ürün alırdım.",negatif,val
4127,kokusu beni çok tatmin etmedi. hediye olarak aldım hem kalıcılığı hem de kokusu benim çok içime sinmedi.,negatif,test
4128,kimi yorumları okuduktan sonra alıp almamakta  tereddüt ettik. mağazalardaki fiyatını görünce burdan sipariş ettik. gelir gelmez denedik. halıyı çekip kaldıracak kadar güçlü. bu güne kadar meğerse süpürge yaptığımızı düşünüyormuşuz. eski süpürgenin süpürdüğü halıdan nasıl toz çıkardı.,pozitif,test
4129,kesinlikle süper bir ürün bizim köpeğimiz bayılıyor.fiyat olarak da çok uygun ve kargo bedava olunca harika oluyor. teşekkürler hepsi burada,pozitif,test
4130,"ürünün içinden üçgen bir şey çıkıyor ve nereye takılacağı belli değil, kafa karıştırıyor. ayrıca tüm kafeslerle uyumlu değil. vision marka kafesime aldım büyük geldi çok fazla büyük, önermiyorum.",negatif,test
4131,hem kaliteli hem de fiyatı çok uygun. zamanında r,pozitif,val
4132,"kargo çok hızlı 24 saatte elime ulaşti ama,parfüm kokusu 1 saat sonra uçuyor..  ama fiyata göre iyi parfüm alınır...",negatif,val
4133,"uzun arastirmalarim sonucu aldigim bu lastigin bir arabaya neler kattigini en iyi sekilde gozlemledim..karda buzda ve yagmurdaki performansi ust duzeyde..arabam resmem kimlik degistirdi, sessizlesti ve yol tutusu artti.buz ustunde frenlemesi inanilmaz..alacak olanlar hic dusunmesin.ankaranin sogugunda ve karında test edildi..",pozitif,val
4134,"ürün fiyatının kesinlikle üzerinde kaliteye sahip, beklentimin çok üzerinde. tavsiye ederim.",pozitif,test
4135,gayet güzel ve kaliteli bir ürün en azından fiyatını göz önüne aldığımızda. sipariş verdiğim gün paketlenip kargoya verildi. kargodan da bana 2 güne teslim edildi. ürün geldiğinde de hiçbir kusuru yoktu. kısacası hiçbir sıkıntıyla karşılaşmadım.,pozitif,test
4136,"kulak tıkacı birçok yerdeki gürültüyü büyük oranda engelliyor fakat uyurken asla ama asla takmayın! birkaç gündür kullanıyorum bir sorun yoktu ama bugün bir baktım tıkaç kulak yolunun çok içlerine gitti güç bela çıkarabildim, olmasaydı hastaneye gidecektim. sakın uyurken takmayın!",negatif,test
4137,yağ gibi kayıyor ve de sıfır ses var. bu kadar da ucuz.,pozitif,test
4138,benim beklediğim gibi tek seferde tertemiz yapan bir ürün çıkmadı.yumuşak olan tüyleri alması çok zor.,negatif,test
4139,"bu ürünü alana kadar aynaları silmek hep eziyet oluyordu. bez ile silmeye çalıştığımda toz/çamur iyice aynaya bulaşıyordu. lastik kısmı çok başarılı, hiç su bırakmıyor ve ayna pırıl pırıl çıkıyor. büyük rahatlık. herkese tavsiye ederim.",pozitif,test
4140,"ürünü sipariş ettim ertesi gün kapımdaydı, üründen çok memnun kaldım teşekkürler",pozitif,val
4141,urun bugün sorunsuz bir şekilde elime ulaştı. gri kalmamıştı kahverengi aldım. başta tereddüt etmiştim ama kahverengi de çok hos duruyor. i̇lk izlenimim olumlu. fiyatına göre sunduğu ozellikler fazla. kalemli ve çok pahalı olmayan telefon arayanlar için tam fiyat performans ürünü.,pozitif,test
4142,"kamerayı araştırdım ve buna karar verdim tüm aksesuarları mevcut, ürün küçücük ben motorsikletimin kaskına takmak için aldım ve tam uydu , araç aksesuarları da mevcut, su altı dalışını henüz denemedim ama menüsü basit ve türkçe olması gayet güzel tavsiye ederim",pozitif,test
4143,halı resimdekini aynısı değil resme aldanıp almayın. ebatları yazılan gibi ama halı resimdeki gibi guzel gorunmuyor bildiğiniz piyasadaki ucuz yolluklar ile aynı,negatif,test
4144,audacity programı kullanıyorum. gürültü kaldırıyorum ses gitsede aynı ses hale geliyor. 3 - 4 gün memnundum ama benden mi kaynaklanıyor üründenmi bilmiyorum...,negatif,test
4145,"güzel ve kaliteli ürün, zamanında kargo, ilgili satıcı, tek kusuru şarj kablosunun sony xperia z5 premium ile uyumlu olmaması, bu problemi de farklı bir kablo alarak çözdüm, birde kargo ücretsiz olsa daha güzel olacak.",pozitif,test
4146,urun cok guzel cok arastırdım ve bu urunu almaya karar verdık ve gercekten guzel br makıne .tavsıye ederım.makına cok uzun surelı uyku moduna gecmıyor yanı tam tostun olmasına yakın kapanıpta tostu kurutmuyor.,pozitif,test
4147,aldığınız etin hakkını veriyor mühürleme yaparak gerçekten çok lezzetli etler pişirebilirsiniz..,pozitif,test
4148,plastik kalitesi o kadarda iyi değil. elde pro bir his bırakmıyor. herzaman fiyat performans için değerlendiririm. çok iyi.,pozitif,test
4149,verdiginiz paraya degmez bir kere bile şarj etmiyor,negatif,test
4150,"ürün tutuş kolaylığı ve ağız içi kullanımı için ergonomik,fiyat olarak uygun. fakat kılları çok sert ve  seyrek temizlemede etkili değil. diş etlerini çok rahatsız ediyor. yumuşak başlık bekleyenleri hüsrana uğratabilir. daha iyi olabilirdi.  :(((",negatif,test
4151,"artıları: oyunlarda takılmaz,int. ,wifi hız iyi ram yeterli, kamera iyi,menü geçişleri güzel",negatif,val
4152,uzun zamandır kopeklerıme verdıgım bır mama köpeklerım severek yıyıyor fıyat olarakta gayet uygun herkese tavsıye ederım cok tesekkurler,pozitif,test
4153,ürün fiyatına göre gayet kaliteli ve güzel ürün arakdaşım için sipariş ettim cok memnun kaldılar,pozitif,test
4154,tencerelerin kapakları tam oturmuyor ayrıca çiziliyor da! daha kaliteli bi markadan almanızı tavsiye ederim,negatif,test
4155,ürün teslim aldıktan sonra yıkayıp kullanalım dedik. 30 derecede orta uzunlukta programda yıkandı. sıkmada katlandığı yerlerden beyaz çizgiler şeklinde boyası akmış. hiç kimseye tavsiye etmem,negatif,val
4156,memlunum oturma odasına 2 adet takdım süper aydınlattı daha önce 5.6w lık 2 ad. yerine taktım çok güzel oldu,pozitif,val
4157,çok memnun kaldım teslimat kalite herşey on numara kendim mağazaya gidip bu kadar hızlı alamazdım,pozitif,test
4158,bağlantı noktalarında aspiratör tarafı cuk diye birebir oturuyor ancak baca tarafı fileksi için büyük kalıyor kaplama bantla bu durumu çözebilirsiniz...,pozitif,test
4159,"ürün montaja hazır bir şekilde gelmedi, ve içerisinde doğru düzgün bi montaj kataloğu çıkmadı. montajının zorluğundan dolayı pek tavsiye etmem.",negatif,test
4160,çok güzel bekledigimden biraz daha büyük ve renkleri çok ilgi çekici. kızımın çok dikkatini çekti ve sevdi topu alma hevesiyle dönmeye de başladı. teşekkür ederiz :),pozitif,test
4161,ürün siparişini verdikten 1 gün sonra elimdeydi. sevkiyat süper.,pozitif,test
4162,ürün kesinlikle kaliteli ancak case 4u markalı değil. dandik bir kutuyla gelmiş ama kaliteli ve mıknatıs gücü çok iyi hiçbir sıkıntı olmuyor şarja takıp çıkartırken çok kullanışlı,pozitif,test
4163,makina sarj kutusuna oturmadigi icin sarj olmuyor ilk geldiginde icinde olan sarj ile tras oldum gayet iyiydi fakat suan sarj edemedigim için kullanamiyorum,negatif,test
4164,ürün kalitesiz paket kumaşının içine yerleştirilmiş boru izolasyonu şeklinde geldi. eşim kokusundan dolayı eve almadan attı. fiyat performans açısından ancak kabul edilebilir.,negatif,test
4165,guzel isinizi gorur  telefonla gorusme de tatmin edici,pozitif,test
4166,"makinanın ağırlığı kolu yormuyor ,aynı zamanda üfleme gücüde gayet güzel ,kullanışlı ve zaten markada tanınmış bir marka,birgün içindede elinize ulaşıyor.ben beğendim...",pozitif,test
4167,zayıf bir malzemeden üretilmiş et kalınlığı zayıf 2001 doblo için aldım ölçüleri uydu 1 hafta kadar koku yapıyo fiyatına göre malzeme geçici olarak kullanıla bilir,negatif,test
4168,5 mm. bir düğmeden daha küçük olduğunu unutmayın. ve ürünün 10 tane olması az ancak mıknatıs özelliği yüksek seviyede olması iyi.,negatif,val
4169,oral _ b bu işin profesyoneli. herr fırçası çok başarılı. tebrikler..,pozitif,test
4170,köpeğim sevmedi normal ürünleri kokladıgı anda alıp götürürdü bunu kokladı ama tenezzül etmedi,negatif,test
4171,2.5 inç aktarım hızı da iyi 3.0 da ortalama 75 mb/s  ye ulaşıyor. ara kablosu daha uzun olabilirdi. daha iyisi yapılana kadar en iyisi bu herhalde.,pozitif,val
4172,"prima güzel bir bebek bezi markası ancak son zamanlardaki yeni cıkan teknolojili bu bez pi̇şi̇k,sizdirma  yapıyor ????",negatif,test
4173,bir ay evvel aldığım altus 4 programlı bulaşık makinesinden çok memnunum.,pozitif,val
4174,parasına göre çok güzel .kargo zamanında geldi. memnunun,pozitif,val
4175,"ürün her yerde ayni sonuçta. ama hepsi̇burada'dan almak hem ucuz, hem güveni̇li̇r, hem de hizli. gece aldim, sabah yola çikti. teşekkürler.",pozitif,test
4176,çok hızlı kargo. mükemmel bir ürün. i̇lk kullanışta diş etlerimin rahatladığını hissettim. tavsiye ederim.,pozitif,test
4177,"çok ince, çok kalitesiz ve elektrik çarpıyor sürtündükçe. daha kötüsü olamaz herhalde. anca parçalara kesip kullanılabilirler sanırım.   daha kalın matları tercih edin.",negatif,val
4178,kum sesi ve biraz buyuk olması harıcınde bı sorunla karsılasmadım,pozitif,test
4179,evde spor yapmak isteyenler için gayet başarılı bir ürün. eksiksiz ve başarılı bir şekilde ambalajlanmış çok hızlı geldi ürün. teşekkür ederim hb ve satıcı firmaya.,pozitif,val
4180,konusunun güncel olması  hoşuma gitti okunması gereken bir  kitap tavsiye ediyorum.,pozitif,test
4181,ürün fiyata göre  normal dışı plastik içinde kum mevcut. yeni başlayan için ideal,pozitif,test
4182,kitapta bol miktarda çelişki mevcut bolca ikilem içinde kaldık. memnun kalmadık kitaptan.,negatif,test
4183,ürünün içerisinde sanki 3gr yerine 1.5gr varmış gibi sıkıyorsun yarısı hava boşalıyor.,negatif,test
4184,delta çok fonksiyonlu deluxe kapı barfiksi + mekik & şınav çekme aleti - ds 1325  ürün süper hızlı gönderi deniliyor ama 3 gün geçti hala kargoya verilmedi lütfen kargo işlemini gerçekleştirin,negatif,test
4185,çok ağır ilerliyor.kitap okumaya yeni başlamıştım soğudum o derece yani,negatif,test
4186,ürün çok kısa zamanda elime geçti. duvarda leke bırakmıyor ve boyayı sökmüyor tabi kaldığım toki evinde hariç.,pozitif,test
4187,siteden ve üründen memnunum ürün sağlam olarak kısa sürede geldi teşekkürler kago hızlı yani memnunum herkese tavsiye ederim.internetten ilk defa bu kadar büyük alış veriş yaptım ve memnun kaldım,pozitif,test
4188,bu markayı daha önce de kullandığım için etkisini biliyordum ve gayet memnundum. burada uygun fiyatlı olunca hemen aldım. kesinlikle tavsiye ederim,pozitif,val
4189,"montajı gayet basit. normal perdelere göre biraz daha parlak ve bence gayet yeterli... epson tw6000 ile beraber kullanıyorum , herkese tavsiye ederim.",pozitif,test
4190,ürününü 1 hafta önce aldım. oldukça kaliteli bir ürün. pille çalışıyor ve suya dayanıklı. tek eksiği çantasının olmaması.,pozitif,val
4191,derisinin biraz sert olmasından dolayı tamamen elinizin şeklini almıyor ama parasına göre değecek bir ürün.eger daha iyisi olsun derseniz paranıza kıyıp daha iyisini almanızı öneririm.,negatif,test
4192,i̇ki yıldır kullanıyorum kamerası 1.5 gibi hissettirmiyor net ve güzel 4.5 g uyumluda değil tek sorun bu galiba ?? almak isteyen varsa alabilir,pozitif,test
4193,eğer hb üzerinden iade etmek kolay olsaydı kesin iade ederdim.  ama hb devlet dairesinden daha yavaş ve kötü çalışıyor.,negatif,val
4194,bir önceki aldığım ürün güzeldi ama  kağıt gibi elini siliyorsun elinde kalıyor gazete kağıdı gibi,negatif,test
4195,güzel ama yeni tip ampuller için alakası bile yok eski telli ampul kullanırsanız olur,negatif,val
4196,bu süpürge çok kötü çile çekersiniz hanımlar.sessiz ama tozları çekmiyor,negatif,val
4197,"samsung note 5 ile hızlı şarjda mükemmel sonuç aldım, aldığım için son derece mutluyum. telefonun şarj soketi arızalansa, bu ürünün fiyatına tamir ettirmek mümkün değil. çok başarılı.",pozitif,test
4198,ürün paketleme iyi değildi.telefon kutusu hepsiburadanın kutusunun içinde sağa sola sallanıyordu.aynı gün kargo yapılmadı.telefonun arka kameranın olduğu kısımda hafif tıklatınca ses geliyor.ekran başarılı.ayrıca çok hafif bir cihaz.işlemleri rahatlıkla yapıyor.şarj konusunda fazla bişey beklmeyin fazla gitmiyor.,negatif,test
4199,"kitap cinsellik ve erotizim üzerine yazılmış cok fazlaca cinsellik taşıyor, arkadaşlar tafsiye etmemişlerdi ben genede seri bozulmasın diye üçünü birden aldım suanda fi yi bitirmek üzereyim almanızı tafsiye etmem bu kitaba vereceğiniz paraya daha güzel daha hoş kitap alabilirsiniz.",negatif,test
4200,incelik olarak iyi yalniz kullanimi insanin sinirini bozuyor.zor aciliyor.,negatif,val
4201,yıllardır kullandığım için kalitesini biliyorum. yanındaki hediyesi ile birlikte 1 yıllık jilet ihtiyacımı karşılayacak. ayrıca hızlı kargoda cabası. teşekkürler hepsi burada,pozitif,val
4202,"güzel ürün, dekoratif amaçlı aldım.  çok şık duruyor.",pozitif,test
4203,arkadaşlar alırken dikkat edin televizyonunuz vesa ya uygun mu değil mi araştırın lg tv ye uymadi,negatif,val
4204,zaten sadece bu ürünü sıkıp ovaladığın zaman istediğin sonucu elde edemiyorsun; tanzikli su uygulaman şart!!!,negatif,test
4205,xiaomi 20000 mah taşınabilir şarj cihazı ile birlikte xiaomi 20000 mah taşınabilir şarj cihazı siyay renk silikon kılıfı da aldım. ancak kılıf şarj cihazı boyutlarından daha büyük olduğu için iade ettim.,negatif,val
4206,"ihtiyacım olmamasına rağmen ucuz gördüğüm için sepete atayım, dedim. iyi ki satın almışım. sert kapaklı, içindekiler zarar görmez, kaliteli ürün.",pozitif,test
4207,ürün çok harika bir etken madde  tanıtımı yapıldığı gibi  aynı şekilde performans sağlıyor tüm yüzeylerde kullanılabilir,pozitif,val
4208,ürün orjinal zippo kalitesinde değil.çakmak taşı görevi gören sürttüğünüz yer belli bir süre sonra biten tarzda bir şey.çok kaliteli değil ama fiyatına uygun..,negatif,val
4209,ayağı üşüyenler için mükemmel bir çorap çift çift çorap giymeye gerek yok artık. hem de fiyatıda gayet uygun.kesinlikle tavsiye ederim.,pozitif,test
4210,ürünü 5 kez sarj etmemize rağmen hiçte orjınal şarj gibi uzun gitmiyor tavsiye etmem,negatif,val
4211,her zaman el altında olması gereken poşet hem hesaplı hem de güzel.marketle arada fiyat farkı yok eve kadar gelmesi güzel. büyüklüğü ideal ve sağlam tavsiye ederim,pozitif,test
4212,bu fiyata bulupta bulabileceginiz en güzel orjinal deri eldiven gercekten işe yarıyor. derisi sert diyenleri anlamıyorum çünkü hakiki orjinal deri sert olur.,pozitif,test
4213,aldığınızda %100 doldurun sonra *#0228# tuşuna basın çıkan ekranda altta bulunan kırmızı yazılı düğmeye basın. şarj düzeyiniz düşecektir. örneğin % 80. tekrar şarj edin % 100 yapın. bu işlemi düğmeden % 100 sonucu alana kadar yapın. güle güle kullanın.,pozitif,test
4214,"evet çiziksiz bir araç için bence doğru seçim diğer yorumlarda da belirtildiği gibi çift taraflı oluşu gerçekten çok işe yarıyor özellikle inatçı (kuş pisliği) kirlerde ve lekelerde sert olan tarafla uygulama yapabiliyorsunuz, özellikle köpüklü yıkamalarda gayet güzel.",pozitif,test
4215,kaliteli birşey değil.parasını hak etmiyor. şuan ki fiyatının yarısını hak ediyor.,negatif,test
4216,la ile ilk kitabını okuduğum yazarın bu kitabını hiç düşünmeden aldım ve çok keyifle okuduğum bir kitap ile karşılaştım,pozitif,test
4217,ayrıca çay soğutuyor ısı muhafaza edilmiyor. otomatik ısıtması başarılı değil. ofis için aldık pek beğenmedim,negatif,test
4218,"diş fırçası başlıkları, makineyle birlikte gelen başlık kadar kaliteli değil",negatif,test
4219,2 3 aydan beri kangal kopeklerimde kullanıyorum severek yiyorlar,pozitif,val
4220,"geciktirici özelliğini hiç göremedim, aksine birde performans düşürdü",negatif,val
4221,aldım talimatına göre kullandım ama anlatıldığı gibi kaliteli ve kullanımı kolay ürün değil tavsiye etmiyorum,negatif,val
4222,ankastre mutfak için ebatları yüzünden tercih ettiğim bi üründü.tepsi zor oturuyor. çok geç pişiriyor normal tariflere en az +25/30dk ekleyin 180se 200 220 filan yapın.,negatif,val
4223,ürünü aldığım da bi sorun yoktu kulandım 1 hafta sonra jak çıkışları filan gevşedi sonra kafamı çevirdiğimde jak girişi kırıldı artık kullanmıyorum birz dayanısiz,negatif,test
4224,"resim çok hoşuma gitti. ancak tabloyu çekinerek aldım, ya göründüğü gibi çıkmazsa diye, resim geldi renkler daha canlı, gerçekten çok güzel. çok beğendim. odaya ayrı bir hava getirdi.",pozitif,val
4225,"sifresi de degismiyor, uzerinde gelen sifreyi kullanmak zorundasiniz.",negatif,test
4226,4- isınınca metal aksamın yapıştırmalarından açma yapabiliyor ama korkmayın servis hemen onarıyor.,negatif,test
4227,parasını amorti ettiği kesin ama bende uzun süre aynı yapışkanlığını koruyacak sanıp almıştım. lakin öyle değilmiş. çok bişey beklemeyin. rulodaki rahatlığı alamadım ben. sıcak suyla temizlemeye harcadığınız para roludan pahalıya gelebilir.,negatif,val
4228,ürünümü bana belirtilen zaman içerisinde aldım üründen çok memnunum emsallerine göre harika herkese tavsiye ederim,pozitif,test
4229,merhaba; rahatlatıcı özelliği var. ferahlatıyor.. fakat ki̇myasal dozu yüksek olduğundan fırçaya çok az sürünüz. tavsiye ederim. teşekkürler. sayg.,pozitif,test
4230,müzik severler için vazgeçilmez bir ürün. boyutuna göre çok fazla ses çıkarıyor.bence hiç düşünmeden alın. çok seveceksiniz. istediğiniz her yere kolaylıkla götürebilir ve şarkıları dinleyebilirsiniz,pozitif,test
4231,kokuyu da kalıcılığını da beğenmedim 2 adet aldım birini camsile döktüm içindeki alkol işe yarasın diye diğeri halen süs olarak duruyor...,negatif,test
4232,"hortum tam 15 metre olarak uzamıyor. 13.7 metre tam uzunluğu , metre ile ölçtüm. tam ölçüye göre alacak olanlar ona göre düşünsünler",negatif,test
4233,sesi cok gucu az kurutmasi zayif ergonomik degil vasatin altinda bi ürün,negatif,test
4234,"sarz ömrü 4.5g den dolayı, yarim gun zor dayaniyor. çekim gücü zayıf! konuşurken ısınıyor.  memnun değilim. iade edecegim.",negatif,test
4235,yılbasında aldım kolayca kurdum.1 aydırda kullanıyorum şimdilik gayet ıyı.eşofman bıraz adı .alanlar ılave yagını mutlaka alsın. çunkı yanında verılen yag çok az ve kullanışsız.spray yag kullanımıda kolay faydalı aynı zamanda .,negatif,test
4236,gayet kullanışlı iyi bir ürün kesinlikle alınır. keşke 1 lt.boyuda olsaydı.,pozitif,test
4237,2 koli aldım fakat bu zamana kadar kullandığım kağıtların el kalitesizi buydu herhalde.. çoklu çıktılarda 1 sayfayı yazıyor ve 3 5 kağıt birlikte çıkarıyor. fiyatı uygun diye aldım ama ucuz etin yahnisi bol olur derlerya kesinlikle tavsiye etmiyorum.,negatif,val
4238,ürün fiyatına göre gayet yeterli. ortam sesi biraz zayıf geldi bana. ama  abartıl rakamlar ödeme niz gereksiz. . modeller çok çabuk güncelliğini yitirio. dolayısıyla az parayla ihtiyacı gidermek esas olan. kamera kalitesi güzel ebat ideal. fiyat makul. tavsiye ederim.,negatif,test
4239,bi makinadan ancak bu kadar ses çıkabilir. ağaç motoru daha az ses çıkartır.,negatif,val
4240,merhaba çalışanlarınız dahil hepsi burada . com teşekkür ederim (satıcı firma dahil),pozitif,val
4241,duvar kenarlarında dahi beklediğimden çok daha iyi sonuçlar aldım. kullanırken makinenin hafifliği ve saklarken makinenin az yer kaplaması beni oldukça tatmin etti.,pozitif,test
4242,"gayet guzel , hesapli ve kaliteli bir urun.",pozitif,test
4243,"kokusu güzel ama kalıcılık sıfır,normalde 2-3 kere bastığım parfümden kendin bile rahatsız olurken bununla 5-6 defa sıkıyorum ve öğlene kadar ancak kalıyo akşama tamamen uçup gidiyor,ben tavsiye etmem sırf ismi var diye aldım ama pişman oldum bidaha asla almam,,,",negatif,val
4244,"aktarım hızı biraz düşük, bunu da bilerek aldım. genel itibarıyla memnunum. tavsiye ederim.",pozitif,val
4245,alalı 1 hafta oldu ve taktım kullanıyorum. yaydığı ışık oldukça yeterli. avizede 15 w tasarruflu ampulün yerine taktım ve daha başarılı.,pozitif,val
4246,4 kasımda sipariş verdim 6 kasımda taş ağrıya geldi elime ulaştı.gerçekten çok teşekkürler hepsi burada.com ürüne gelince cantasiyla birlikte cok iyi bir urun tereddüt etmeyin alın boscha güvenin macaristan da üretilmiş.,pozitif,val
4247,"üründen memnunum alalı 1 hafta oldu, fiyat performans ürünü",pozitif,test
4248,bezi bağladıktan sonra her kontrol edişimizde bantların ayrıldığını görüyoruz. kalite gerçekten kötü.,negatif,test
4249,"ürünün renkleri olsun kargo süresi olsun harika fakat malzeme kalitesi için aynı şeyi söyleyemicem ayağın tekini takarken güç uygulamadan nazikçe takarken ayağın yuvası kırıldı müzik çalması (gangam style,alibabanın çiftliği,happy birtday  hoppala özelliği falan harika tercih sizin",negatif,test
4250,"herkesin elinde görüyorum bu kitabı, merak edip aldım.",negatif,test
4251,mamayi yedi̇ği̇ gi̇bi̇ i̇sal oldu düzelmedi̇ royal cani̇nden den geri̇si̇ boş onunla düzeltti̇m alirken i̇ki̇ kere düşünün.,negatif,test
4252,ürünü teslim aldım ve hemen kahve keyfimizi yaptık. kullanımı ve temizliği çok kolay. teşekkürler hepsiburada.com ailesi.,pozitif,val
4253,"ufak bi ledi de olsaydı daha kullanışlı olurdu, uzun yolculuklarda at arabaya...",negatif,test
4254,diğer saç düzleştiriciler gibi elektriklenme yapmıyor ayrıca çoğuda saçın yağlanmasına neden oluyor ancak bu üründe böyle bir etki görmedim çok beğendim her gün rahatlıkla kullanabiliyorum.,pozitif,val
4255,"ilk traş makinem, alışmam zaman aldı ama sinekkaydıya yakın bir traş oldu. temizleme aparatı gerçekten başarılı",pozitif,test
4256,"ürün bu öğlen elime geçti. hafifliği ile dikkatimi çekti. görüntüsü, fonksiyonları, yayınları yakalama becerisi açısından beğenimi oldukça kazandı. ev içi kullanımı açısından oldukça güçlü ve net bir sese sahip.",pozitif,test
4257,"film ,mp3, video, resim unut bunları, az sayıda program",negatif,val
4258,yatak haline getirip açtığınızda menteşeleri (4 adet) kumaşın altından çıktığı için üzerine bir şilte atmadan yatamazsınız.,negatif,test
4259,sınıfınızda şöyle orta boyutlarda kullanışlı bir mantar panonuz olsun istiyorsanız bu ürün tam size göre! boşuna marangozda yaptırmaya uğraşmayın 3 gün içinde elinizde...,pozitif,test
4260,"çok yavaş, her oturum açılışında saati güncellemek gerekiyor. parasını kesinlikle hak etmiyor. geliştirmeye müsait değil. asla tavsiye etmem. şimdiye kadar hepsiburada dan aldığım en kötü ürün.",negatif,val
4261,cok guzel bi ütü. piyasaya göre cok düşük fiyata yine hepdiburada sayesinde ayağımıza geldı. cok cabuk ıstıyor ve buhar gucu kuvvetli. kesinlikle oneririm. ihtiyacı olan hiç dusunmeden alabilir,pozitif,test
4262,boyutları çok büyük geldi bize. ayrıca üründe darbeler vardı. sıfır olduğu konusunda tereddütler vardı. çok ağırdı. i̇ade ettik. ancak yazı yazılacak kısım gayet iyi görünüyordu.,negatif,val
4263,ürün süper ve eli̇me cok hizli sekilde ulaşti..,pozitif,test
4264,renk seçeneği yoktu. yeşil gelmiş olsun. pratik birazda idareten bir ürün,pozitif,val
4265,"gimpet malt softu uzun yıllardır kullanıyorum. diğer markaların malt ürünlerine kıyasla lezzet, kıvam ve etkinlik düzeyi çok yüksek. hepsiburadada her zaman uygun fiyatla bulabiliyorum ayrıca kargoyla evime kadarbir gün içinde ulaştırılıyor. herkese tavsiye ederim.",pozitif,val
4266,almadan önce tereddütlerim vardı yorumları okuduktan sonra almaya karar verdim çok iyi bir telefon herkese tavsiye ederim. sipariş verdikten sonra 2 gün içinde elimde tam ve eksiksiz olarak elime geçti.,pozitif,test
4267,"ttelefon gerçekten harika. ancak...!!! sar değeri çok yüksek, hem kafa hemde vücut için. vaadedilen teknoloji için sağlığınızı riske atmayın.",negatif,val
4268,"ürün mdf değil sunta, üzerindeki renkler de boya değil yapışkanlı kağıt.",negatif,test
4269,"hepsi̇ burada dan kendi̇me zenfone 5 oğluma bu ci̇hazi aldim.ekran parlakliği,kamerasi i̇nceli̇ği̇ ve hafi̇fli̇ği̇ i̇le çok güzel bi̇r ci̇haz.tek olumsuz yani hari̇ci̇ kart desteği̇ olmamasi.tavsi̇ye ederi̇m.",pozitif,test
4270,ürünü perşem günü sipariş verdim salı günü elime geçti resimdeki gibi göründüğü boyutta güzel bir ürün fiyatıtada uygun herkese tavsiye ederim.,pozitif,test
4271,yorumları okumadan aldım.fiyatı uygun koku durumuna bakamadım ama aşırı sert şekil bile almıyor.,negatif,val
4272,max 5 mt yükseklik  kadar çekme diyor ama 1 metreden fazla basmıyor onun haricinde çekme gücü iyi,negatif,test
4273,"ürün harika 2 günde elime ulaştı. malzemesi kalitesi konforu mükemmel. yalnız dikkat edin, koltukta bulunan emniyet kemerini denerken sonuna kadar çekmişiz, kurtarana kadar çok ugrastık. aman siz yapmayın, sonrasında problem yok. on numara beş yıldız",pozitif,val
4274,ürün gayet başarılı. arabamı bir kaç yıkamadan sonra  dikkat çekecek şekilde parladığını gördüm. arabamın rengi gri. bence renkte önemli.,pozitif,test
4275,"banyo dolaplarında suya-buhara dayanıklı olması nedeniyle mdf malzeme kullanılır, yonga-suntalam değil..",negatif,val
4276,daha önce hiç traş maikinesi kullanmamıştım. yorumları okuyarak aldım. memnun kaldım ürün gayet iyi. sinek kaydı traş yapıyor.tavsiye ederim. fiyatına göre çok iyi.,pozitif,test
4277,almayın kardeşim. ben aldım. hiç bi faydasını görmedim,negatif,test
4278,"gayet uygun fiyatı ile burda bulabileceğiniz bir ürün; çinden ithal edildiğinden olsa gerek. lazım olduğunda gidip orda burda aramanıza gerek yok. yalnız m bedeni parmaklarıma dar geldi, keşke large alsaydım.",negatif,test
4279,aldigima çok pişman oldum çok kalitesiz ince ve ucuz duruyor,negatif,test
4280,hepsi burada.com kahve makinası yerine fritöz gönderdi. arkadaşıma doğum günü için almıştım. zamanında ulaşmadığı için üzüldüm.,negatif,test
4281,okulumuzda çay makinasının bozulması üzerine aldım.. daha önce çay içimiyormuşum.. abartmayı sevmem ama işini gerçekten iyi yapıyor ufak kusurları var ama sağlam makina....,pozitif,test
4282,marka..gp..ucuz..alın bi köşede dursun..ben garaj kapısının kumandasında kullanıyorum..,pozitif,val
4283,2gblığını almıştım.yazma hızı 2-3mb/s hayli yavaş olduğu dikkatimi çekmişti ama 2gbta hız çok önemli değil.16gbta büyük boyutlarla çalışmak çekilmez olur.bu yüzden 16gb tercihimi başka markadan yana kullandım.biraz daha ekleyip 4-5 kat hızlısını almak mümkün.benden söylemesi.,negatif,val
4284,"kasa kalitesi ve tasarımı harika, eldeki kalite hissi tatminkar.",pozitif,val
4285,alalı 1 ay oldu bozuldu bile ne kadar kalitesiz bi ürünmüş almayn sakın,negatif,val
4286,ürün 1 kere şarj ediyor etmiyor bence daha kaliteli bir ürün alınabilir çok acil zamanlarda ideal bir ürün ama yeterli değil,negatif,val
4287,"bebeğe bu urunu kullananin aklina şaşarim, topuk taşı mu yolladilar anlamadim, kutuk gibi, araba takozu gibi sert.",negatif,test
4288,resimdeki kadar büyük değil. onun dışında a4 ve hepsiburada kalitesiyle hızlı teslim.,negatif,val
4289,"ürnü kullandım fakat pek memnun kalmadım, etkileyeci ve kalıcı bir koku değil. almak isteyenlerin iki defa düşünmesini dilerim. indirime girdi diye hemen zıplamamak lazım.",negatif,val
4290,"fresh hafif bir kokusu var eşime almıştım çok beğendi tavsiye ederim tam yazlık bir koku, yaz da yaklaşıyor zaten baymayan notaları hoş bir koku. tavisye olunur.",pozitif,test
4291,ürün güzel. bu fiyata bu özellikte başka telefon yok. kamera çok net. cihaz çok hızlı. 4.5 g olması 3 gb ram 32 gb bellek daha ne olsun. kaçırmayın arkadaşlar. hepsiburada.com a teşekkürler.,pozitif,val
4292,"çok güzel bir ürün. eşime aldım. çok beğendi. hem gümüş, hem pırlanta ve hemde ametist taşının olduğu kolye. beğeneceğinizi umuyorum.tavsiye ederim.",pozitif,test
4293,1-) ekran karti 940m degil 940mx ki gayet basarili bir ekran karti,pozitif,val
4294,türkçe: allah sizden razı olsun siz bize çok iyi bir alet gönderdiniz,pozitif,val
4295,"yorumlara bakarak aldım lakin powerbankı sabaha kadar şarj yaptım,sonra iphoneyi 1 kere tam doldurdum,2.defa doldurayım dedim %17 de ışıkları söndü powerbankın ???",negatif,test
4296,kabını acele edip atmasaydım kesin iade ederdim. küçük ve dökülenleri toplama konusunda yetersiz.çünkü öne doğru yapılan kavisli kısım yumuşak olduğundan cebin açık durmasını engelliyor. cep açık olmayınca da dökülenleri alamıyor,negatif,test
4297,ürün çok kısa bir sürede elime ulaştı bu seti almadan önce çok araştırma yaptım bu set içerisinde 3 adet çok güzel etkinlik kitabı bulunmakta bu set tam benim çocuğuma göre bir set herkese tavsiye ederim iç görselliğide harika.,pozitif,val
4298,- basit bir radyo için yüksek fiyata sahip.,negatif,val
4299,kaliteli bir ürünü uygun fiyata aldım tavalarım çok çok güzel hiç yapışmadan kullanıyorum almak isteyenlere tavsiye ederim,pozitif,val
