id,konu,duygu
9505,kalite,pozitif
9505,kargo,pozitif
9508,kalite,pozitif
9508,fiyat,pozitif
9593,kargo,negatif
9504,kalite,pozitif
9591,kalite,pozitif
9543,kalite,negatif
9535,boyut,negatif
9520,fiyat,negatif
9530,kalite,pozitif
9588,kalite,pozitif
9592,kalite,pozitif
9574,kalite,pozitif
9554,performans,pozitif
9569,fiyat,pozitif
9598,kalite,negatif
9559,fiyat,pozitif
9585,kalite,pozitif
9561,kalite,pozitif
9538,kargo,pozitif
9538,kalite,pozitif
9538,fiyat,pozitif
9571,boyut,pozitif
9547,kalite,pozitif
9547,fiyat,pozitif
9513,kalite,pozitif
9560,performans,pozitif
9528,satici,pozitif
9579,kalite,pozitif
9537,fiyat,negatif
9501,kalite,pozitif
9565,kargo,negatif
9536,kalite,pozitif
9519,kargo,pozitif
9551,kargo,pozitif
9551,kalite,pozitif
9525,performans,pozitif
9545,kalite,negatif
9518,kalite,pozitif
9516,boyut,negatif
9526,kalite,pozitif
9526,fiyat,pozitif
9596,kalite,negatif
9587,kalite,pozitif
9521,fiyat,pozitif
9597,kalite,pozitif
9597,fiyat,pozitif
9511,kalite,pozitif
9511,gorunum,pozitif
9590,kalite,pozitif
9556,kalite,pozitif
9556,kargo,pozitif
9556,satici,pozitif
9599,kalite,pozitif
9599,performans,pozitif
9532,fiyat,pozitif
9532,performans,negatif
9568,kalite,pozitif
9549,kalite,pozitif
9572,kalite,pozitif
9584,kalite,pozitif
9584,fiyat,pozitif
9507,kalite,pozitif
9567,kalite,negatif
9514,kalite,pozitif
9594,kalite,negatif
9553,performans,negatif
9539,kalite,negatif
9533,kalite,pozitif
9575,kalite,pozitif
9573,kalite,pozitif
9570,kalite,pozitif
9540,kalite,pozitif
9534,fiyat,pozitif
9510,boyut,negatif
9510,fiyat,pozitif
9544,performans,negatif
9515,kalite,pozitif
9515,fiyat,pozitif
9589,kalite,pozitif
9578,kalite,pozitif
9503,kalite,pozitif
9531,kalite,pozitif
9517,fiyat,pozitif
