no,id,text,aday,karar
1,9508,alıp denedikten sonra doğru ürünün bu olduğunu rahatlıkla söyleyebilirim. ısınmak artık bu battaniye ile çok kolay. fiyatıda bence çok cazip,Pp = performans pozitif,
2,9593,"gayet hoş kolda güzel duruyor beğendim teşekkür ederim , kargo biraz geç geldi ama hava şartlarından dolayı",Gp = görünüm pozitif,
3,9593,"gayet hoş kolda güzel duruyor beğendim teşekkür ederim , kargo biraz geç geldi ama hava şartlarından dolayı",Qp = kalite pozitif,
4,9504,gerçekten güzel bir ürün kullanışı çok güzel diş etlerinizin kanamasını istemiyorsanız şiddetle tavsiye ederim  dişlerinizi fırçalarken dişlerinizin çevresinde ağrı hissetmiyorsunuz,Pp = performans pozitif,
5,9562,merhaba  ben bu ürünü alalı 1 hafta oldu aynen yazıldığı gibi uyguladım aracımda yağ değişeli 2 000 km olmuştu aradım yetkilileri 10 000  km lik yağ kullanıyorsanız sorun olmaz dediler hepsiburada üzerinden satın aldım çok teşekkür ederim.,Qp = kalite pozitif,
6,9520,tahminimden daha vasat bir ürün çıktı. normal kettle'dan pek de bir farkı yok. bu fiyata değmez. üstelik aynı sıcaklıkta tutma işlevi çok zayıf . sürekli ısıtma düğmesine basmak zorunda kalıyorsunuz.,Pn = performans negatif,
7,9520,tahminimden daha vasat bir ürün çıktı. normal kettle'dan pek de bir farkı yok. bu fiyata değmez. üstelik aynı sıcaklıkta tutma işlevi çok zayıf . sürekli ısıtma düğmesine basmak zorunda kalıyorsunuz.,Qn = kalite negatif,
8,9530,ürün  gerçekten yararlı.i̇nterneti bir üstteki komşumdan aldığım  halde evin her noktasında çekiyor.,Pp = performans pozitif,
9,9588,"ürün genel olarak kaliteli fakat bebeğim altı aylık ve yandaki çıtalara , yol biraz tümsekli olduğu durumlarda , kafasını vurdu. yan çıtaları bir süngerle güvenli hale getirebilirlerdi.",Pn = performans negatif,
10,9500,kokusu güzel ancak sıkıyorum sabah akşama hiç kokudan eser yok 3-4 saatten sonra tırt yani..,Pn = performans negatif,
11,9500,kokusu güzel ancak sıkıyorum sabah akşama hiç kokudan eser yok 3-4 saatten sonra tırt yani..,Pp = performans pozitif,
12,9500,kokusu güzel ancak sıkıyorum sabah akşama hiç kokudan eser yok 3-4 saatten sonra tırt yani..,Qp = kalite pozitif,
13,9554,kullanimi kolay. tuvalet kumu yenilenecegi zaman kabina buladtirmadan toparliyip cope atmak kolaylik,Qp = kalite pozitif,
14,9569,geçen hafta alıp taktırdım süper sivas ta kullanıyorum laguna da kullanıyorum.diğerlerine fazla para vermeyin,Qp = kalite pozitif,
15,9580,daha önce uçurtma avcısı kitabını okumuştum. bu kitabı da bir hevesle aldım fakat beğenmedim. i̇çinde bazı bölümler çok gereksiz. ana olaydan bağımsız hikayeler. bu bölümleri okurken çok sıkıldım. tavsiye etmiyorum.,Qn = kalite negatif,
16,9559,taksitle altın almak 1200tl lik altın aldım kesinlikle çok memnunum. 12 ay taksitle yatırım yapmak isteyenlere uygun ve de düğün zamanında bir anda aile bütçesine yüklenmemek için çok güzel,Qp = kalite pozitif,
17,9512,bir ses böler geceyı alevilerle  ilgili artık sıkıldım okumadım  insanı yoruyor,Pn = performans negatif,
18,9512,bir ses böler geceyı alevilerle  ilgili artık sıkıldım okumadım  insanı yoruyor,Qn = kalite negatif,
19,9561,bebeginiz için pratik kullanıslı bir ürün. ve zevkle zıplıyorlar :d tavsiye ederim,Pp = performans pozitif,
20,9538,üründen memnun kaldık. eşim çok rahat kullanıyor ve gerçekten beğendi. fiyatı da zaten gayet uygundu. ayrıca çok hızlı elimize ulaştı.teşekkürler,Pp = performans pozitif,
21,9571,gayet kullanışlı çok rahat sırtta düzgün duran omuzda oturan bel kemeriyle ağırlığı paylaştıran bir sırt çantası herkeze tavsiye ederim iç hacmi oldukça geniş,Pp = performans pozitif,
22,9571,gayet kullanışlı çok rahat sırtta düzgün duran omuzda oturan bel kemeriyle ağırlığı paylaştıran bir sırt çantası herkeze tavsiye ederim iç hacmi oldukça geniş,Qp = kalite pozitif,
23,9546,bu altın pıyasadakı altınlarla aynı kalıte ve aynı degerde mıdır merak ettım.bozdurmak ıstedıgımız zaman herhangı bır sorunla karsılasırmıyız acaba alan arkadaslar varsa cevap versın lutfen,Qn = kalite negatif,
24,9528,"kızımın bezlerini çoğunlukla hepsiburada.comdan alıyorum. hem fiyatıyla, hem de hızıyla açık ara önde. hizmetleriniz daim olsun.",Kp = kargo pozitif,
25,9528,"kızımın bezlerini çoğunlukla hepsiburada.comdan alıyorum. hem fiyatıyla, hem de hızıyla açık ara önde. hizmetleriniz daim olsun.",Fp = fiyat pozitif,
26,9548,çayın demini alması çok uzun sürüyor.beklemekten çay içme isteği kalmıyor :)) kaynama noktasına geldiğinde kettle gibi kendi kendine kapanmıyor sürekli kaynamaya devam ediyor yani  siz kapatmak zorunda kalıyorsunuz..unuttuğunuz zaman taşabiliyor yada suyu çabuk bitebiliyor..,Pn = performans negatif,
27,9548,çayın demini alması çok uzun sürüyor.beklemekten çay içme isteği kalmıyor :)) kaynama noktasına geldiğinde kettle gibi kendi kendine kapanmıyor sürekli kaynamaya devam ediyor yani  siz kapatmak zorunda kalıyorsunuz..unuttuğunuz zaman taşabiliyor yada suyu çabuk bitebiliyor..,Qn = kalite negatif,
28,9564,youtube vs. var ama wifi dongle alınca deneriz artık.,Pp = performans pozitif,
29,9537,5. ürün gerçekten 4 a yı hakkediyor. fiyat biraz yüksek,Qn = kalite negatif,
30,9537,5. ürün gerçekten 4 a yı hakkediyor. fiyat biraz yüksek,Qp = kalite pozitif,
31,9501,muhteşem bir cihaz herkese tavsiye ederim işlemcisi pili herseyi cok iyi,Pp = performans pozitif,
32,9563,"hafif  bir kokusu var. kalıcılığıda gayet iyi, kalıcı değil diyenlere aldanmayin. gönül rahatlığı ile alabilirsiniz. memnun kalacaksınız emin olun.",Pp = performans pozitif,
33,9563,"hafif  bir kokusu var. kalıcılığıda gayet iyi, kalıcı değil diyenlere aldanmayin. gönül rahatlığı ile alabilirsiniz. memnun kalacaksınız emin olun.",Qp = kalite pozitif,
34,9536,"okulda, evde, işyerinde mutlaka elinizin altında olmalı. güçlü ve kokusuz bir ürün. alır almaz kullanmaya başladım ve memnun kaldım. tavsiye ederim.",Pp = performans pozitif,
35,9519,"ürün en kısa zamanda geldi. çok beğendim, sağolun.",Qp = kalite pozitif,
36,9551,"bu tür kampanyalar çok faydalı oluyor. hem ürünler kaliteli, hem de fiyat avantajı var. bir set kendime bir set de arkadaşıma aldım, memnunuz. hızlı kargo için ayrıca teşekkürler. bu tür set kampanyalarına lütfen devam.",Sp = satıcı pozitif,
37,9551,"bu tür kampanyalar çok faydalı oluyor. hem ürünler kaliteli, hem de fiyat avantajı var. bir set kendime bir set de arkadaşıma aldım, memnunuz. hızlı kargo için ayrıca teşekkürler. bu tür set kampanyalarına lütfen devam.",Fp = fiyat pozitif,
38,9525,"tv, buzdolabı derken çamaşır makinemi de grundig aldım. çok sessiz. çamaşırları tertemiz yıkıyor. eski makinemde 2 parça halinde yıkattığım tüm çamaşırları tek seferde yıkıyor. ben çok sevdim, tavsiye ederim.",Bp = boyut pozitif,
39,9525,"tv, buzdolabı derken çamaşır makinemi de grundig aldım. çok sessiz. çamaşırları tertemiz yıkıyor. eski makinemde 2 parça halinde yıkattığım tüm çamaşırları tek seferde yıkıyor. ben çok sevdim, tavsiye ederim.",Qp = kalite pozitif,
40,9545,köpeğim yanına bile gelmedi. zorla yediğinde ise dışkısında fazla sindirilemedığini gözlemledim. aroması köpeğime itici geliyor.,Pn = performans negatif,
41,9566,"telefonla ilgili olarak; akıllı cep telefonu ararken ki en önemli kriterlerim; sar değeri, ağırlık ve son olarak da diğer teknik özellikler sıralamasıylaydı... bu sebeple ekonomi performans olarak çok iyi bir telefon olduğunu düşünüyorum.",Qp = kalite pozitif,
42,9566,"telefonla ilgili olarak; akıllı cep telefonu ararken ki en önemli kriterlerim; sar değeri, ağırlık ve son olarak da diğer teknik özellikler sıralamasıylaydı... bu sebeple ekonomi performans olarak çok iyi bir telefon olduğunu düşünüyorum.",Pp = performans pozitif,
43,9566,"telefonla ilgili olarak; akıllı cep telefonu ararken ki en önemli kriterlerim; sar değeri, ağırlık ve son olarak da diğer teknik özellikler sıralamasıylaydı... bu sebeple ekonomi performans olarak çok iyi bir telefon olduğunu düşünüyorum.",Fp = fiyat pozitif,
44,9518,"oyun oynamıyorum, 4k video çekmiyorum. sadece internete girip, tivit bakarken bildiğin ısınıyor bu telefon. isınmasını dert etmezseniz gayet başarılı.",Pn = performans negatif,
45,9558,fiyat performans aralığında alınabilecek güzel hafif hızlı bir usb bellek... diğer usb bellekler arasında özellik ve marka olarak alınabilecek ürünlerden biri..,Fp = fiyat pozitif,
46,9558,fiyat performans aralığında alınabilecek güzel hafif hızlı bir usb bellek... diğer usb bellekler arasında özellik ve marka olarak alınabilecek ürünlerden biri..,Bp = boyut pozitif,
47,9558,fiyat performans aralığında alınabilecek güzel hafif hızlı bir usb bellek... diğer usb bellekler arasında özellik ve marka olarak alınabilecek ürünlerden biri..,Qp = kalite pozitif,
48,9558,fiyat performans aralığında alınabilecek güzel hafif hızlı bir usb bellek... diğer usb bellekler arasında özellik ve marka olarak alınabilecek ürünlerden biri..,Pp = performans pozitif,
49,9516,malzemelerin hacmi cok büyuk ozellikle 5 kg lik agirlik aparatlari kocaman hepsini birlestirip baktinizda sanirsijiz 100 kiloluk sey ama degil. hacmi cok buyuk daha kibar ve kullanisli olabilirdi...,Gn = görünüm negatif,
50,9526,ürün çok iyi basit kullanışlı ve gayet makul fiyatı var teşekkürler.,Pp = performans pozitif,
51,9597,telefonu dün teslim aldım. üretici firma boyutu biraz büyük diye düşünenler için tek el kullanım kolaylığı sağlamış. fiyatına göre harika bir telefon. fiyatına göre kelimesi sizi yanıltmasın. gerçekten üzerine düşünülüp yapılan bir ürün.,Bn = boyut negatif,
52,9597,telefonu dün teslim aldım. üretici firma boyutu biraz büyük diye düşünenler için tek el kullanım kolaylığı sağlamış. fiyatına göre harika bir telefon. fiyatına göre kelimesi sizi yanıltmasın. gerçekten üzerine düşünülüp yapılan bir ürün.,Kx = kargo nötr,
53,9597,telefonu dün teslim aldım. üretici firma boyutu biraz büyük diye düşünenler için tek el kullanım kolaylığı sağlamış. fiyatına göre harika bir telefon. fiyatına göre kelimesi sizi yanıltmasın. gerçekten üzerine düşünülüp yapılan bir ürün.,Pp = performans pozitif,
54,9527,kalıcı bir kokusu var ve her yere uygun bir koku. günlük ve özel günlerde de kullanılabilir kalıcı bir koku tavsiye ederim,Qp = kalite pozitif,
55,9527,kalıcı bir kokusu var ve her yere uygun bir koku. günlük ve özel günlerde de kullanılabilir kalıcı bir koku tavsiye ederim,Pp = performans pozitif,
56,9511,küçük ve metal olması çok şık bir görünüm kazandırmış hızlı olmasıda ayrı bir avantaj başarılı bir ürün olmuş tavsiye ederim,Bp = boyut pozitif,
57,9511,küçük ve metal olması çok şık bir görünüm kazandırmış hızlı olmasıda ayrı bir avantaj başarılı bir ürün olmuş tavsiye ederim,Pp = performans pozitif,
58,9590,benim ilk dokunmatik telefonum nokıa c5-03 kullanamam dedim ama dokunmatiği harika ve ben çok memnunum dokunmatik düşünenlere tavsiye ederim kardeşimde n8 var uygulamalara geçiş onunkinden hızlı ve ondan dahakolay kullanılıyor.herkes alsın benden 5 tam puan.,Pp = performans pozitif,
59,9582,haznesi çıkarılıp yıkanabiliyor bu nedenle öğüttüğünüz şeylerin tadı birbirine karışmıyor.,Pp = performans pozitif,
60,9582,haznesi çıkarılıp yıkanabiliyor bu nedenle öğüttüğünüz şeylerin tadı birbirine karışmıyor.,Qp = kalite pozitif,
61,9552,dolabın iç derinlik ölçüsü 20 cm ve mat beyaz kalite olarak idare edecek seviyede,Gp = görünüm pozitif,
62,9552,dolabın iç derinlik ölçüsü 20 cm ve mat beyaz kalite olarak idare edecek seviyede,Bx = boyut nötr,
63,9552,dolabın iç derinlik ölçüsü 20 cm ve mat beyaz kalite olarak idare edecek seviyede,Qn = kalite negatif,
64,9552,dolabın iç derinlik ölçüsü 20 cm ve mat beyaz kalite olarak idare edecek seviyede,Bn = boyut negatif,
65,9552,dolabın iç derinlik ölçüsü 20 cm ve mat beyaz kalite olarak idare edecek seviyede,Gx = görünüm nötr,
66,9552,dolabın iç derinlik ölçüsü 20 cm ve mat beyaz kalite olarak idare edecek seviyede,Qx = kalite nötr,
67,9509,yagmurlu havalarda kayma yapiyor daha kar yagmadi bakalim onda ne. yapacagiz ben aldim ama tavsiye etmiyorum.,Pn = performans negatif,
68,9509,yagmurlu havalarda kayma yapiyor daha kar yagmadi bakalim onda ne. yapacagiz ben aldim ama tavsiye etmiyorum.,Qn = kalite negatif,
69,9532,fiyatına göre iyi. ama öyle aman aman bakım yapıp nemlendirmesini beklemeyin. dudakta fazla durmuyor kolayca silinebilir. günlük kullanım için zaten soguk havalarda dudaklarınızı koruması acısından iyi.,Qp = kalite pozitif,
70,9532,fiyatına göre iyi. ama öyle aman aman bakım yapıp nemlendirmesini beklemeyin. dudakta fazla durmuyor kolayca silinebilir. günlük kullanım için zaten soguk havalarda dudaklarınızı koruması acısından iyi.,Qn = kalite negatif,
71,9568,stor perde deyince mutlaka comforsun tercih ediyorum.kumaşı kaliteli ve hiç içeriyi göstermiyor.,Pp = performans pozitif,
72,9581,bebek cildiyle en uyumlu bez. başkasını kullandığımızda hep sorun çıktı.,Pp = performans pozitif,
73,9581,bebek cildiyle en uyumlu bez. başkasını kullandığımızda hep sorun çıktı.,Qp = kalite pozitif,
74,9595,"yaklaşık 5.000 km dir kullanıyorum.ıslak yolda güven vermiyordu.geçende  ıslak yolda kaydırma hissedince frene dokundum,(60 km hızla giderken)araba spin atıp döndü.bilginize.",Qn = kalite negatif,
75,9595,"yaklaşık 5.000 km dir kullanıyorum.ıslak yolda güven vermiyordu.geçende  ıslak yolda kaydırma hissedince frene dokundum,(60 km hızla giderken)araba spin atıp döndü.bilginize.",Pn = performans negatif,
76,9577,ürünü almıştim. ancak eşim beğenmedi. iade aşamasına gelince hemen olduğu gibi paketledik gônderdik.ertesi günü para iadesi yapıldı.hickimse neden diye sormadi. alın kullanın bakın olmazsa yollarsiniz. yeni yılda da bizimlesin hepsiburada. ;),Sn = satıcı negatif,
77,9577,ürünü almıştim. ancak eşim beğenmedi. iade aşamasına gelince hemen olduğu gibi paketledik gônderdik.ertesi günü para iadesi yapıldı.hickimse neden diye sormadi. alın kullanın bakın olmazsa yollarsiniz. yeni yılda da bizimlesin hepsiburada. ;),Sp = satıcı pozitif,
78,9577,ürünü almıştim. ancak eşim beğenmedi. iade aşamasına gelince hemen olduğu gibi paketledik gônderdik.ertesi günü para iadesi yapıldı.hickimse neden diye sormadi. alın kullanın bakın olmazsa yollarsiniz. yeni yılda da bizimlesin hepsiburada. ;),Kn = kargo negatif,
79,9577,ürünü almıştim. ancak eşim beğenmedi. iade aşamasına gelince hemen olduğu gibi paketledik gônderdik.ertesi günü para iadesi yapıldı.hickimse neden diye sormadi. alın kullanın bakın olmazsa yollarsiniz. yeni yılda da bizimlesin hepsiburada. ;),Qn = kalite negatif,
80,9550,hepsi burada güvencesi ile aldığımız bir ürün çizik bozulma yok bravo diyorum,Kp = kargo pozitif,
81,9550,hepsi burada güvencesi ile aldığımız bir ürün çizik bozulma yok bravo diyorum,Qp = kalite pozitif,
82,9550,hepsi burada güvencesi ile aldığımız bir ürün çizik bozulma yok bravo diyorum,Gp = görünüm pozitif,
83,9572,ürün gayet başarılı testlerde ve kullanımda bunu görüyorsunuz. bilgisayar boştayken 10 yük altında ise 12 13 derecelik bir düşüş oldu kesinlikle tavsiye ederim.,Pp = performans pozitif,
84,9542,yorumları okudum ve sonunda almaya karar verdim. ürün iki gün önce elime ulaştı.,Kx = kargo nötr,
85,9542,yorumları okudum ve sonunda almaya karar verdim. ürün iki gün önce elime ulaştı.,Kp = kargo pozitif,
86,9541,benzinli aracımın önceki bakımında da bu yağı kullanmıştım. şimdi yeni değişim oldu 17000 km gitmesine rağmen daha bozulma olmamıştı. full sentetik yağ olduğu için tavsiye ederim.,Pp = performans pozitif,
87,9541,benzinli aracımın önceki bakımında da bu yağı kullanmıştım. şimdi yeni değişim oldu 17000 km gitmesine rağmen daha bozulma olmamıştı. full sentetik yağ olduğu için tavsiye ederim.,Qp = kalite pozitif,
88,9507,ürün araca tam uydu. arka tarafınki  tek parça olsa daha iyi olurdu. ama fazlasıyla iş görüyor.,Pp = performans pozitif,
89,9567,ürünün yorumlarına bakarak almaya karar verdim. ancak yorumlarda bahsedildiği gibi değil. sabah kaynamış çorba koydum öğlene kadar buz gibi olmuş. kesinlikle termos işlevini görmüyor.,Pn = performans negatif,
90,9514,"yakalşık 3 gündür kullanıyorum, çay içmekten hiç bu kadar tad almamıştım. ayrıca malzemesi de kaliteli. çay severlere tavsiye ederim. memnun kalacaklarına inanıyorum.",Pp = performans pozitif,
91,9594,arkadaşlar ben yorumları okuyarak aldim fakat pişman oldum.kalıcı bir parfüm değil acıkcası kokusuda fazla ilgimi çekmedi yorumlar dolayısıyla aldim.belki teninize göre kalıcıgılı arta bilir,Pn = performans negatif,
92,9524,batarya uzun ömürlü. gelen ses kalitesi güzel fakat karşı tarafa giden ses çok kalitesiz,Qp = kalite pozitif,
93,9524,batarya uzun ömürlü. gelen ses kalitesi güzel fakat karşı tarafa giden ses çok kalitesiz,Pn = performans negatif,
94,9524,batarya uzun ömürlü. gelen ses kalitesi güzel fakat karşı tarafa giden ses çok kalitesiz,Qn = kalite negatif,
95,9553,"ürün 1 haftada yaklasık teslım oldu... aslında yorumlara güvenerek aldım bildiğim bir koku değildi. i̇lk başta hayal kırıklığı yarattı bende fakat kokusu zaman geçtikçe güzelleşiyor, ama denildiği gibi de kalıcı bir parfüm değil.",Kx = kargo nötr,
96,9553,"ürün 1 haftada yaklasık teslım oldu... aslında yorumlara güvenerek aldım bildiğim bir koku değildi. i̇lk başta hayal kırıklığı yarattı bende fakat kokusu zaman geçtikçe güzelleşiyor, ama denildiği gibi de kalıcı bir parfüm değil.",Kn = kargo negatif,
97,9553,"ürün 1 haftada yaklasık teslım oldu... aslında yorumlara güvenerek aldım bildiğim bir koku değildi. i̇lk başta hayal kırıklığı yarattı bende fakat kokusu zaman geçtikçe güzelleşiyor, ama denildiği gibi de kalıcı bir parfüm değil.",Qp = kalite pozitif,
98,9533,takim gerçekten güzel hem hafi̇f hem küçük hem de çok şik sade bi̇r tarzi var. çok çok büyük ve ağir çatal kaşik sevmeyen bi̇ri̇ olarak tam i̇deali̇m. yalniz biçaklarinin olmamasi en büyük eksi̇ği̇. keşke biçaklari da olsa....,Pp = performans pozitif,
99,9533,takim gerçekten güzel hem hafi̇f hem küçük hem de çok şik sade bi̇r tarzi var. çok çok büyük ve ağir çatal kaşik sevmeyen bi̇ri̇ olarak tam i̇deali̇m. yalniz biçaklarinin olmamasi en büyük eksi̇ği̇. keşke biçaklari da olsa....,Pn = performans negatif,
100,9533,takim gerçekten güzel hem hafi̇f hem küçük hem de çok şik sade bi̇r tarzi var. çok çok büyük ve ağir çatal kaşik sevmeyen bi̇ri̇ olarak tam i̇deali̇m. yalniz biçaklarinin olmamasi en büyük eksi̇ği̇. keşke biçaklari da olsa....,Gp = görünüm pozitif,
101,9533,takim gerçekten güzel hem hafi̇f hem küçük hem de çok şik sade bi̇r tarzi var. çok çok büyük ve ağir çatal kaşik sevmeyen bi̇ri̇ olarak tam i̇deali̇m. yalniz biçaklarinin olmamasi en büyük eksi̇ği̇. keşke biçaklari da olsa....,Bp = boyut pozitif,
102,9533,takim gerçekten güzel hem hafi̇f hem küçük hem de çok şik sade bi̇r tarzi var. çok çok büyük ve ağir çatal kaşik sevmeyen bi̇ri̇ olarak tam i̇deali̇m. yalniz biçaklarinin olmamasi en büyük eksi̇ği̇. keşke biçaklari da olsa....,Bn = boyut negatif,
103,9575,ürünü aldım ve orijinal kutusunda geldi. eşim kullanıyor çok memnun kaldık,Kx = kargo nötr,
104,9575,ürünü aldım ve orijinal kutusunda geldi. eşim kullanıyor çok memnun kaldık,Kp = kargo pozitif,
105,9502,top ve balon şişirirsiniz ancak .taşıması kolay ama herzaman o işin babasına yatırım yapmak lazım....yani bu işler böyle kimine iyi kimine kötü..kötü yorumlar yayınlanmadığına göre,Pp = performans pozitif,
106,9502,top ve balon şişirirsiniz ancak .taşıması kolay ama herzaman o işin babasına yatırım yapmak lazım....yani bu işler böyle kimine iyi kimine kötü..kötü yorumlar yayınlanmadığına göre,Qn = kalite negatif,
107,9573,pc monitörü için aldım gayet güzel makina küçük yer kaplamiyor tavsiye ederim.,Bp = boyut pozitif,
108,9586,tablette telefonda ve kamerada 1080p kayıt alabiliyorum. yazma ve okuma hızı 1080p destekliyor,Pp = performans pozitif,
109,9555,orjinal ürün fiyatı ile karşılaştırıldığında hiç terettütsüz alın derim,Qp = kalite pozitif,
110,9555,orjinal ürün fiyatı ile karşılaştırıldığında hiç terettütsüz alın derim,Fp = fiyat pozitif,
111,9522,ürünü almadan önce aklımda bir cok soru vardı orjinal mi ne kadara gelir  satıcı güvenilir mi diye,Sn = satıcı negatif,
112,9576,note 4 le arasında fark yok hatta note 4 ün bazı özellikleri daha iyi :),Pp = performans pozitif,
113,9576,note 4 le arasında fark yok hatta note 4 ün bazı özellikleri daha iyi :),Pn = performans negatif,
114,9576,note 4 le arasında fark yok hatta note 4 ün bazı özellikleri daha iyi :),Qp = kalite pozitif,
115,9540,saat elime ulastı. cok fazla iyi 10 üzerinden 10,Kp = kargo pozitif,
116,9540,saat elime ulastı. cok fazla iyi 10 üzerinden 10,Kx = kargo nötr,
117,9506,ürün küçük büyük bir şey beklemeyin. kullanışlı ve küçük.i̇ki güne elime ulaştı. teşekkürler h.b,Bn = boyut negatif,
118,9506,ürün küçük büyük bir şey beklemeyin. kullanışlı ve küçük.i̇ki güne elime ulaştı. teşekkürler h.b,Qp = kalite pozitif,
119,9506,ürün küçük büyük bir şey beklemeyin. kullanışlı ve küçük.i̇ki güne elime ulaştı. teşekkürler h.b,Pp = performans pozitif,
120,9506,ürün küçük büyük bir şey beklemeyin. kullanışlı ve küçük.i̇ki güne elime ulaştı. teşekkürler h.b,Bx = boyut nötr,
121,9506,ürün küçük büyük bir şey beklemeyin. kullanışlı ve küçük.i̇ki güne elime ulaştı. teşekkürler h.b,Kx = kargo nötr,
122,9506,ürün küçük büyük bir şey beklemeyin. kullanışlı ve küçük.i̇ki güne elime ulaştı. teşekkürler h.b,Kp = kargo pozitif,
123,9534,bu fiyata orjinal ve sorunsuz gonderim..mukemmel..sadece sebepsiz yere yurtici denizli saltak subesinde sabah 8.de olan kargo 2 gun sonra teslim edildi..hepsiburdaya cok tesekkurler,Kp = kargo pozitif,
124,9534,bu fiyata orjinal ve sorunsuz gonderim..mukemmel..sadece sebepsiz yere yurtici denizli saltak subesinde sabah 8.de olan kargo 2 gun sonra teslim edildi..hepsiburdaya cok tesekkurler,Sp = satıcı pozitif,
125,9534,bu fiyata orjinal ve sorunsuz gonderim..mukemmel..sadece sebepsiz yere yurtici denizli saltak subesinde sabah 8.de olan kargo 2 gun sonra teslim edildi..hepsiburdaya cok tesekkurler,Kn = kargo negatif,
126,9529,almak için aylarca bekledim kararsız kaldım ama keşke beklemeseydim,Qp = kalite pozitif,
127,9510,sapı gereksiz derecede uzun pişman oldum ama ucuz bir ürün. fiyatına göre iyi,Qn = kalite negatif,
128,9544,cep telefonun ve tablet bilgisayarın çok rahat çektiği yerde ağı bulamadı. dolayısıyla hiç bir işe yaramadı.,Qn = kalite negatif,
129,9583,bazı arkadaşlarımız merkezi uydu sisteminde işe yarar diye yazmışlar. bende ona güvenerek merkezi sistem için sipariş verdim ancak ürünü denediğimde bırakın sinyal artırmayı çoğu kanalı hiç göstermedi sinyal oranı sıfıra düştü hiç bir işe yaramadığını gördüm tecrübe ettim. bilgilerinize....,Pn = performans negatif,
130,9583,bazı arkadaşlarımız merkezi uydu sisteminde işe yarar diye yazmışlar. bende ona güvenerek merkezi sistem için sipariş verdim ancak ürünü denediğimde bırakın sinyal artırmayı çoğu kanalı hiç göstermedi sinyal oranı sıfıra düştü hiç bir işe yaramadığını gördüm tecrübe ettim. bilgilerinize....,Qn = kalite negatif,
131,9515,arkadaşlar aldığım gün halı saha maçında giydim ayağıma bir iki defa vurdular ama hiç acı hissetmedim bu fiyata bu ürün süper bence herkese tavsiye ederim..,Pp = performans pozitif,
132,9523,300 mbps olması bir işe yaramıyor fakat kesinlikle iş görür.,Pn = performans negatif,
133,9523,300 mbps olması bir işe yaramıyor fakat kesinlikle iş görür.,Qp = kalite pozitif,
134,9557,oglum 3 aylikken almistim iyikide almisim agladiginda hemen üstüne koyuyorum susuyo.sadece ilk monte ederken gunesligini kirdim.cok sert dikkat edin,Qn = kalite negatif,
135,9557,oglum 3 aylikken almistim iyikide almisim agladiginda hemen üstüne koyuyorum susuyo.sadece ilk monte ederken gunesligini kirdim.cok sert dikkat edin,Qp = kalite pozitif,
136,9578,10 cu ayda aldim 2012 tarihinde  aldim kullandığım alanlar elektirikler kesildiğinde kat kalirferü pilasma 106 ekran telefisyon bilgisayar yasıçı ve  5 adet ampül birde mini bustalabı hiç buramlem yok kayet iyi memnunum almak isteyen tavsiye ederim,Pp = performans pozitif,
137,9503,"hani kedi lazeri denince kaza halinde gözlere daha az zarar veren bir lazer olduğunu düşünmüştüm ama normal lazermiş. ancak en önemli ve hoşuma giden özelliği, daha önceki piyasa işi lazerimin aksine uzun süre basarak oynatsanız bile bozulma yaşamıyor.",Pn = performans negatif,
138,9531,aldığınıza pişman olmazsınız; işinizi büyük ölçüde kolaylaştıracak; fiyatı da uygun,Kp = kargo pozitif,
139,9531,aldığınıza pişman olmazsınız; işinizi büyük ölçüde kolaylaştıracak; fiyatı da uygun,Fp = fiyat pozitif,
140,9517,fiyatı ucuz ama sesleri çok fazla çıkmıyo. oğlumun dikkatini hiç çekmedi.,Pn = performans negatif,
141,9517,fiyatı ucuz ama sesleri çok fazla çıkmıyo. oğlumun dikkatini hiç çekmedi.,Pp = performans pozitif,
142,9517,fiyatı ucuz ama sesleri çok fazla çıkmıyo. oğlumun dikkatini hiç çekmedi.,Qn = kalite negatif,
