id,pool_label,split,text,raw,kargo,fiyat,kalite,performans,boyut,gorunum,satici,karisik_konular,karisik
4000,negatif,test,"fiyatı ben aldıktan sonra daha da düşmüş,bu da tüh dedirten bir şey sonuçta...",Fn,,negatif,,,,,,,0
4001,negatif,val,ürünü alalı 3 ay oldu. yerli ürün olmasını istemem ve fiyat açısından cazip olması kararımda etkili oldu. ancak 3. ayında aracın plastik aksamları yerinden çıkmaya başladı. sürerken ufak tefek engellerde dengesini bozuyor. alacak kişilerin detaylı incelemesini tavsiye ederim..,"Fp,Qn,Pn",,pozitif,negatif,negatif,,,,,0
4002,negatif,test,çok ergonomik ayrıca arabirimi sayesinde istediğiniz şekilde ayarlanabiliyor. bu kısmı müthiş.,Pp,,,,pozitif,,,,,0
4003,pozitif,val,bu ürünü indirimdeyken aldım gerçekten çok kaliteli almak isteyenelere tavsiye ederim..,"Fx,Qp",,nötr,pozitif,,,,,,0
4004,negatif,val,ürünü geliş süresi iyiydi. ancak pil ömrünü beğenmedim. akşamda full dolu olan batarya gece boyunca hiç kullanılmamasına rağmen sabah kalkıp baktığımda %15 seviyelerindeydi. sanırım orjinal batarya almak daha iyi olacak,"Kp,Qn",pozitif,,negatif,,,,,,0
4005,pozitif,test,"yorumları okuyup xl almam iyi oldu, aksi halde çok dar olabilirdi, ürüne gelince uzun bandajla uğraşmaktan ziyade böyle bir neopren den üretilmiş bileklik gerçekten iyi.","Bx,Qp",,,pozitif,,nötr,,,,0
4006,pozitif,test,"neredeyse 15 kişiye aldırdım, süper bir cihaz, çok fonksiyonel. son derece başarılı bir çalışma, çok işime yarıyor, kesinlikle tavsiye ederim...",Qp,,,pozitif,,,,,,0
4007,negatif,val,geçen yıl aldım. toplan 5 kere kullanmadım. kapağı çok kötü hava kaçırıyor. hatta bu gün ocağı kapattı. tavsiye etmiyorum.,Qn,,,negatif,,,,,,0
4008,negatif,test,4 adet petlas lastik yanında hediye verildi lafta 2004 model aracım için 10 yaş sınırını aştığından geçersiz denildi. aslında bir yıldız bile çok bu ürün için.,"Sn,Qn",,,negatif,,,,negatif,,0
4009,negatif,test,asla para ile satmayınız ve bunun yerine yarar herhangi bir şey vermeniz daha anlamlı ..,Fn,,negatif,,,,,,,0
4010,negatif,val,bir süre önce aldım. sivri sinekler üzerinde uçuşuyor.hiç bir faydası yok.,Qn,,,negatif,,,,,,0
4011,negatif,test,ürünü aldık ama on kapak çok iyi şık ancak arka kapak çok kötü  takiyoruz bir türlü oturmuyo çok basit alınmadan önce tekrar iyice arastirilsin derim,"Gp,Qn",,,negatif,,,pozitif,,,0
4012,pozitif,val,gayet hızlı geldi fiyat iyi hediye lerde çabası,"Kp,Fp",pozitif,pozitif,,,,,,,0
4013,pozitif,test,ürün kullanışlı çekiş gücü çok iyi fakat yan tarafından üflediği hava tozları çekemeden etrafa dağıtıyor birde kablo sarma mekanizmasının olmaması dezavantaj elle sarmak zorundasın,Pn*,,,,negatif,,,,performans,1
4014,pozitif,val,motoru korumasi yönünden güvenli̇k yönunden devamli terci̇h etti̇ği̇mi̇z bi̇r ürün ve bi̇zi̇ hi̇ç yaniltmadi teşekkürler hepsi̇buradaya. kargo ücretleri̇ dişinda hersey güzel,"Qp,Kn",negatif,,pozitif,,,,,,0
4015,pozitif,test,ürün gerçekten çok harika bir ürün... yeni sipariş için sepetime hemen attım beklemede... tüm herkese tavsiye ederim.... birine ev hediyesi falan mı alacaksın... hemen sipariş ver gelsin hemde adresine... memnun kalmazsa... ben buradayım...,Qp,,,pozitif,,,,,,0
4016,pozitif,test,alırken işe yarar mı diye tereddütlerim vardı ancak şimdi içim rahat ürün güzel herkese tavsiye ediyorum.,Qp,,,pozitif,,,,,,0
4017,pozitif,test,bu üründen önce de kullandım ve çok memnun kalmıştım. yine sipariş verdim... ders çalışırken ve de okuduğunuz araştırma vb. gibi kitaplarda önemli yerleri belirtmede en büyük yardımcım.,Qp,,,pozitif,,,,,,0
4018,negatif,test,kurulum gayet kolay. ama sallantı problemi var. üst raflar çok dar değil ama kitapta tam olarak sığmıyor.,"Pp,Qn,Bn",,,negatif,pozitif,negatif,,,,0
4019,pozitif,test,dikiz aynası ve benzeri dar yerlerde pratik kullanım açısından çok kullanışlı bir ürün.hepsi buradan birşeyler alırken bunuda alışveriş listenize ekleyin bence.,Pp,,,,pozitif,,,,,0
4020,pozitif,test,rahat olmasina rahat ancak cok kotu bir kokusu var. yaklasik 1 haftadir kullaniyoruz ama koku azalsa da mevcut...,Pn*,,,,negatif,,,,performans,1
4021,negatif,test,ayrıca bu özelliği iptal edememeniz de ürünün en büyük eksilerinden.,Pn,,,,negatif,,,,,0
4022,negatif,test,"uygulamasi zor oldugu gibi, telefonun uzerindr muşamba gibi duruyor parmaginizi kaydirirken filme takiliyor berbat bir urun","Pn,Gn,Qn",,,negatif,negatif,,negatif,,,0
4023,pozitif,test,"bu fiyata bu kalite güzel bir ürün , yalnız paket içinde av kablosu da olsaymış daha iyi olurdu...","Fp,Qp,Sn",,pozitif,pozitif,,,,negatif,,0
4024,pozitif,test,her lekeyi temizledi. bi 20likler yüzünden çaprazlaşan dişlerimin arasına girmedi o gerisi tertemiz.,Qp,,,pozitif,,,,,,0
4025,negatif,test,"şarj süresi iyi, ısınma problemi beklenilen seviyede. yalnız bataryayı taktık takalı telefon titreşim modunda titrememeye başladı. o özellik iyiydi? neden samsung o özelliği kaldırdı durup dururken anlamış değilim!?","Qp,Pn",,,pozitif,negatif,,,,,0
4026,pozitif,val,annem i̇çin aldım ilk kullanmada faydasını gördü ve kısa zamanda elime ulaştı.,"Qp,Kp",pozitif,,pozitif,,,,,,0
4027,pozitif,test,bundan daha iyi bulaşık yıkayan deterjana denk gelmedim. parlatma ve leke çıkarmada üzerine yok.kargo bedava fiyatıda cazip.hediyeside cabası ama ben birgün önce aldıgım icin hediyeden faydanalanamadım.tavsi̇ye ederi̇m,"Qp,Kp,Fp",pozitif,pozitif,pozitif,,,,,,0
4028,pozitif,test,ürün sürekli aldığımız ürün. fiyatı piyasaya göre ucuz. 1 gün içinde teslim,"Fp,Kp",pozitif,pozitif,,,,,,,0
4029,negatif,test,telefon güzel ve uygun fiyatlı. ama rom yüklemesi yapılmış türkçe olsun diye. bu sırada knox 1 olmuş.  oluşan sorun nedeniyle şarjı çabuk bitiyor. bunu düzeltmek için tekrar servise yollamak lazım.,"Fp,Qn*,Sn",,pozitif,negatif,,,,negatif,kalite,1
4030,negatif,val,"koku gerçekten güzel. ama sıktıktan 30 dakika sonra kokuyu ne çevrenizdekiler, ne de kendiniz alamıyorsunuz.",Pn*,,,,negatif,,,,performans,1
4031,pozitif,val,"uygun fiyatlı, güzel bir ürün. ben 86 kg. olarak kullanıyorum, eşim ve çocuklarım da kullanıyor. gayet sağlam. kapının genişliği ve üst pervazınız uygunsa veya başka yere monte imkanı varsa tavsiye ederim...","Fp,Qp",,pozitif,pozitif,,,,,,0
4032,negatif,val,hiç işlev görmeyen gereksiz bir harcama tavsiye etmiyorum.çok kalitesiz bir ürün.,Qn,,,negatif,,,,,,0
4033,pozitif,test,hepsiburada ya teşekkür ederim kaliteli ürün sağlam ve hızlı şekilde elimede ulaştı,"Qp,Kp",pozitif,,pozitif,,,,,,0
4034,pozitif,test,küçük ama güzel tasarlanmış bir ürün kurulum çok basit çocuk odasında gayet güzel durdu sorunsuz,"Bx,Gp,Pp",,,,pozitif,nötr,pozitif,,,0
4035,pozitif,test,kızıma ve gelinime hediye olarak aldım kırmızı rengini i̇stediler çok beğendiler allah güle güle i̇yi günlerde kullanmayı nasip etsin i̇nşallah gayet kaliteli şık bir ürün rengi de çok güzel çok beğendim alacaklara tavsiye ederim,"Qp,Gp",,,pozitif,,,pozitif,,,0
4036,pozitif,test,canbebe bebek bezi; kalite ve fiyat olarak çok iyi.,"Qp,Fp",,pozitif,pozitif,,,,,,0
4037,negatif,test,aldığım siparişi ürün hiç ürünleri iyi değil hiç de tasviye etmiyorum .hiç bir de etkisi de yok,Qn,,,negatif,,,,,,0
4038,negatif,val,almış oldugum helikopterin kutu içeriğinde  usb şarj kablosu ve kullanim kilavuzu çıkmadı,Sn,,,,,,,negatif,,0
4039,pozitif,val,fiyatıda cok bişe degıl fiyatına göre oldukca ıyı bır urun teşekkürler hepsi burada.com,Fp,,pozitif,,,,,,,0
4040,negatif,val,ürünü deneyen varmı plastik kalitesi nedir ? fiyatı uygun ama bunlar yere düşme durumunda çatlıyormu içindeki demir tozumu lütfen alan birisi yanıtlarsa çok sevinirim,"Fp,Qx",,pozitif,nötr,,,,,,0
4041,pozitif,test,"planlandığı gibi kısa sürede elimize geçti. kullanıcılar tarafından test edildi, onaylandı, ilgilenenlere tavsiye edilir.","Kp,Qp",pozitif,,pozitif,,,,,,0
4042,pozitif,test,"-malzeme kalitesi iyi, oyuncak gibi bir şey değil, gayet sağlam görünüyor",Qp,,,pozitif,,,,,,0
4043,pozitif,test,aldığınız ürün tek mi yoksa çift olarak mı elinize ulaştı daha önce alan arkadaşlar cevap verirse sevinirim teşekkürler.ben tek diye biliyorumama yinede sormak istedim,0,,,,,,,,,0
4044,pozitif,test,arkadaşlar bu tür birşey düşünürseniz kesinlikle kaçırmayın harika bir alet,Qp,,,pozitif,,,,,,0
4045,negatif,test,"pek memnun kalmadım. eskiden düzleştirici ile dalga yapıyordum, bu ürün daha pratik gözüktüğü için bunu denemek istedim fakat kendi düzleştiricimle dalga yapmak inanın daha etkili, kolay ve hızlıydı...",Qn,,,negatif,,,,,,0
4046,negatif,test,ürünü sipariş ettim. ürün geldikten sonra hayal kırıklığına uğradım. fiyatına göre kaliteli bir ürün değil. tostu sıkıştırmak için bir ayarı yok. ayrıca şunu da belirteyim seramik veya granit kaplama falan hikaye. kaliteli bir döküm tost makinesi alın derim.,"Fn,Qn,Pn",,negatif,negatif,negatif,,,,,0
4047,negatif,val,"ürün iyi değil, %5i %75 anca yapıyor. pil ömrü çok kısa. kolay iade ettim ve hemen iade aldı hepsiburada. teşekkürler.","Qn,Sp",,,negatif,,,,pozitif,,0
4048,pozitif,val,3 haftadır kullanıyorum herhangi bir sıkıntı yok. aktarım hızı yeterli.,"Qp,Pp",,,pozitif,pozitif,,,,,0
4049,negatif,test,bu buzdolabinin ici belirli araliklarla buz tutuyor ve icine koydugunuz ürün eger arka tarafa degerse bozulmasina yol aciyor.buz kendiliginden akip gidiyor daha sonra ama bunu belli araliklarla tekrarliyor.bu yuzden tavsiye etmiyorum.onun disinda güzel bi ürün.,Qn*,,,negatif,,,,,kalite,1
4050,pozitif,test,umduğumdan çok daha güzel çikti ve tahmi̇ni̇mden hizli geldi̇,"Qp,Kp",pozitif,,pozitif,,,,,,0
4051,negatif,val,"biraz daha özgün oyunlar bekliyordum, 2 şubat 2016 da yatağın üstünde zıplama oyunu var güldüm kimse bilmiyor bunları.2017 yılı olsa iyi olurdu 2016 geride kalmak üzre  saygılar",Pn,,,,negatif,,,,,0
4052,negatif,test,"arkadaslar huawei gr5, lg g pro 2, samsung galaxy bir modelinde denedim ama calismadi. sadece htc one x te calisti haberiniz olsun.",Pn,,,,negatif,,,,,0
4053,pozitif,test,ürün beklediğimden iyi çıktı keşke ampüllerinide yanında verselerdi,"Qp,Sn",,,pozitif,,,,negatif,,0
4054,pozitif,val,ürün 2 gün i̇çi̇nde eli̇me ulaşti. herhangi̇ bi̇r parça eksi̇ği̇ yoktu. fi̇yatina göre güzel bi̇r ürün. ürünün tek eksi̇ği̇ kurulum şemasinin çok yetersi̇z olmasi. önceden böyle bi̇r ürünün kurulumunu yapmadiysaniz epeyce zorluk çekebi̇li̇rsi̇ni̇z.,"Kp,Sp,Fp,Pn",pozitif,pozitif,,negatif,,,pozitif,,0
4055,negatif,test,ürünü alalı 2 gün oldu ve yaklaşık günde 2 saat kullandım. fakat terlettiğini söylemek yanlış olur. umarım ilerleyen günlerde faydasını görürüm. yoksa boşuna almış olmak istemiyorum..,Qn,,,negatif,,,,,,0
4056,pozitif,val,"bu koku kesinlikle yaz kış kullanılabilir spor ama etkileyici bir tarzı var ,ml olarak gayet iyi ölçüde ,uzun süre kullanabiliosunuz. özellikle beyaz tenli bayanların gözü kapalı tercih edebileceği bir koku.","Pp,Bp",,,,pozitif,pozitif,,,,0
4057,negatif,test,açıkçası hiç kullanışlı değil. yapışkanı çok zayıf hemen çıktı.  ayrıca açıp kapama da sıkıntılı.,"Pn,Qn",,,negatif,negatif,,,,,0
4058,negatif,test,aslinda urunu alirken marka kalitesini bekliyordum ama piyasada satilan muadillerinden pek farkli degilmis. paslanir demir vidalar ilk hayal kirikligim oldu. su bosaltma dugmesinin islevsizligi de cabasi. i̇cinden de kullanim klavuzu da cikmadi. kurulumu pratik oldu diyebilirim.,"Qn,Pn*,Sn",,,negatif,negatif,,,negatif,performans,1
4059,negatif,test,çok çok kötü bir ürün sakin almayın yazilan gibi yok hali süpur falan yalan çekiş gücü hiç mi hiç yok mümkün değil böyle bir el süpürgesi olamaz zaten bugün iade gönderdim.,"Qn,Pn",,,negatif,negatif,,,,,0
4060,negatif,test,ürün 5 yıl önceki tv ler gibi arkası baya kalın görüntü kalitesi full hd uydu alıcısı kullanırsan belki iyi olabilir ama normal uydu alıcısında çok kötü bu paraya ne bekliyosun denilebilir ama bu kdar kötü bir performansta olmaz.,"Gn,Pn",,,,negatif,,negatif,,,0
4061,negatif,test,bu hepsiburada.com sitesinde bilgileri yazan kişileri çok çalıştırıyorlar galiba. baksanıza 32 megabyte hafıza sahip telefon var diye ayrı bir kategori açıp satışını yapıyorlar. bravo sizlere.,Sn,,,,,,,negatif,,0
4062,pozitif,test,hızlı bir şekilde ulaştı. hediye olarak gelen ahşap testeresiyle ilk denememi yaptım. gayet başarılı bir kesim oldu. bu fiyata bundan iyisi şamda kayısı,"Kp,Fp,Qp",pozitif,pozitif,pozitif,,,,,,0
4063,negatif,test,"buharı normal ütülerden farklı değil hatta az bile. tek kelimeyle ""pişmanım""!","Pn,Qn",,,negatif,negatif,,,,,0
4064,pozitif,test,"20 m2 mutfakta cok basarili. beyazligi, görüntüsü 10 numara.","Qp,Gp",,,pozitif,,,pozitif,,,0
4065,negatif,test,imza icin ama yazim icin degil. ellerim batti...,Pn,,,,negatif,,,,,0
4066,pozitif,test,deneme amaçlı 1 adet almıştım. çok kullanışlı olduğu için bir kaç tane daha alacağım.,Pp,,,,pozitif,,,,,0
4067,pozitif,test,renk şeceneği olmalı. rastgele renkler geliyor. makinede yer kaybettirmiyor. çabuk yıkanıyor. dümdüz bir ürün.,"Gn,Pp",,,,pozitif,,negatif,,,0
4068,negatif,test,fanların dağılımı  güzel cihazın her tarafına serinlik veriyor. fakat ses konusunda kötü ayar kısmında fan hızını düşürdüğümde dahi sesli çalışıyor..,Pn*,,,,negatif,,,,performans,1
4069,negatif,test,berber kokusu gibi geliyo ilk sıkınca ama sonra toparlıyor gibi sonradan,Pn*,,,,negatif,,,,performans,1
4070,negatif,test,sephorada 2 kere denedim.inanın kalıcılığı o kadar kuvvetliki 15 günden fazla dolabımı her açışımda montum kokuyor ve ben bayılacak gibi oluyordum.şeker dozajını aşmış.arabada arkadaşım sıkmıştı ve midem başım felaket oldu.angel   kullanıyorum o daha hoş,Pn,,,,negatif,,,,,0
4071,negatif,test,lastikleri aldım kullanıyorum. konfor derseniz normal yaz lastiği düşünün derim.çünkü dört mevsim lastikleri normal yaz lastiklerine göre daha fazla ses yapıyor bilginize,Pn,,,,negatif,,,,,0
4072,pozitif,test,6-7 köpek üzerinde denedim sadece bir köpek tepkisiz kaldı... en son çöp konteynırında beni sürekli rahatsız eden kocaman köpekte denedim onun kaçıp gidişi rahat nefes aldırdı. tavsiye ederim,Qp,,,pozitif,,,,,,0
4073,pozitif,test,ürünün süngerle kaplı olması çok güzel. alacak kişilere tavsiye ederim . ayrıca fiyat olarak da çok uygun başka bi yerde bu fiyata bulamadım.,"Qp,Fp",,pozitif,pozitif,,,,,,0
4074,negatif,test,"sızmalara karşı ekstra ön ve arka bariyer koymuşlar ancak hiç bir işe yaramıyor. sızdırıyor. az buz değil, çok sızdırıyor.",Qn,,,negatif,,,,,,0
4075,negatif,test,ürün çok toz halinde kullanımı çok zor.tavsiye etmiyorum.,Pn,,,,negatif,,,,,0
4076,pozitif,test,"kızıma hediye aldım gerçekten çok sevindi.düşünenlere şiddetle tavsiye ederim,siparişimden üç gün sonra elimize ulaştı.ayrıca hepsiburadaya da çok teşekkürler bu şartlarla kimse telefon satmaz.","Kx,Fp,Qp",nötr,pozitif,pozitif,,,,,,0
4077,negatif,test,kalıcılıgı çak az koku ilk başta kötü aama durdukça fena olmuyor günde iki üç defa kullanmak lazım,Pn*,,,,negatif,,,,performans,1
4078,negatif,test,eşim için aldığım cihazı özellikle büyük kangal cinsi köpeklerde  denedim... hayvanda bir tepki bile olmadı oralı bile değil yani :) ama  sokaktaki sümdük kendi halindeki köpeklerde çoğunda başaralı diyebilirim....,Qn*,,,negatif,,,,,kalite,1
4079,pozitif,test,"saclarima cok guzel sekil verdim kuaforden cikmis gibi oldu ..saclarimin uclarini dalgali bile yaptim ...(kisa saclarim)cok begendim ,cok basarili..",Qp,,,pozitif,,,,,,0
4080,pozitif,val,fotoğraftaki ürünlerin aynısı geliyor. fiyatı çok iyi bence. ayrıca bir makineyi fırça başlığı değiştirilerek birden fazla kişi kullanabiliyor bu şekilde.,"Gp,Fp,Pp",,pozitif,,pozitif,,pozitif,,,0
4081,pozitif,test,esim cok memnun kaldi 2 aylik bebegimiz var her emzirme sonrasi uyguluyor ve hic yara olmadi.,Qp,,,pozitif,,,,,,0
4082,negatif,test,"ürünü ilk aldığımda sesi katlanılabilirdi, işimi görüyordu. yaklaşık 5 saat çalıştırdıktan sonra ses katlanılamaz bir hal aldı. sese aldırmıyorsanız, ucuz bir fan arıyorsanız işinizi görebilir.",Pn*,,,,negatif,,,,performans,1
4083,negatif,test,ürün anlatıldığı gibi değil. taze dökülmüş çay lekesini çıkaramadı.,Qn,,,negatif,,,,,,0
4084,negatif,test,"fiyatının uygunluğu nedeni ile buradan satın aldım. yorumların çoğunda belirtildiği gibi kalıcılık maalesef hiç iyi değil. kokunun bir karakteri yok. biraz daha para verip güzel parfüm kullanmanızı tavsiye ederim, ben de öyle yapıcam bundan sonra.","Fp,Pn",,pozitif,,negatif,,,,,0
4085,pozitif,val,ürünü gece 11de sipariş verdim. sabah 10da kargoya verildi diye mesaj geldi. hepsiburada hem fiyat hem de kargolama bakımından süper.,"Kp,Fp",pozitif,pozitif,,,,,,,0
4086,negatif,val,çok acil modem ihtiyacından dolayı satın aldım bu paraya alınır ama performans beklemeyin wifi kararlığı çok stabil değil.,"Fp,Pn",,pozitif,,negatif,,,,,0
4087,pozitif,test,"arabayla ne taşlı yollardan gidiyorum hiç birşey olmuyor işim gereği günde 300 km yapıyorum bir kere düşmedi , piyasadaki en iyi araç için telefon tutacağı hiç şüphesiz",Qp,,,pozitif,,,,,,0
4088,negatif,test,"ben bir arkadaşımda gördüm,bu fiyata göre iyi bence.",Fp,,pozitif,,,,,,,0
4089,negatif,val,"urun cok kaliteli cok ucuz ama 8"" tabletlere (amazon kindle fire hd 8) olmuyor.","Qp,Fp,Bn",,pozitif,pozitif,,negatif,,,,0
4090,negatif,val,"çok severek verdiğim siparişim gelince hayal kırıklığına uğradım. dış malzemesini ahşap sanmıştım, fakat karton! ve bu özellikler bölümünde belirtilmemiş. bunu dikkate alarak sipariş verin!","Qn,Sn",,,negatif,,,,negatif,,0
4091,negatif,test,soğuk nedeni ile daha henüz kullanmadım. başka birinde kullanmıştım  beğendiğim için aldım. sadece çalışmasını denedim.  her halde iyidir. teşekürler... einhel aletlerinden kullandığım bazı cıhazlarından memnunum,0,,,,,,,,,0
4092,negatif,test,kılıf hızlı şekilde elime ulaştı ama beklediğimden çok kalın ve biraz kaba  çıkınca iade ettim. hızlı ödeme iadesi için hepsiburada.com a teşekkür ederim.,"Kp,Gn,Sp",pozitif,,,,,negatif,pozitif,,0
4093,negatif,test,üç değişik kokulu şampuanla yıkadım birkaç kere şampuanlı suda beklettim bir kaç gün havalandırdım hala berbat kokuyordu iade ettim,Pn,,,,negatif,,,,,0
4094,pozitif,test,"şimdiye kadar aldığım en iyi tabloydu , sağolun varolun",Qp,,,pozitif,,,,,,0
4095,pozitif,val,cane corso bebeğim çok beğendi fakat umarım mama içeriğinde fiyatı kadar iyidir,"Qp,Fx",,nötr,pozitif,,,,,,0
4096,pozitif,val,teslimat son derece hızlı 30 ağustos tatil olmasına ramen öğlrn 12 de sipariş verdim aynı günü akşamı saat 6 da elime ulaştı en ufak bir sıkıntı yok tamamiyle orjinal alıcaklara gözü kapalı almasını tavsiye ederim.,Kp,pozitif,,,,,,,,0
4097,negatif,test,ürünü 1 yıl önce almıştım ilk başlarda güzel traş oluyordum şarjıda iyi gidiyordu ancak 4. ayda başlık arıza yaptı takılmalar yapıyor duruyor sürekli ve şarjıda çok çabuk bitiyor 3 kez traj yapan makine şuanda 2 traj zor yapıyor. tavsiye etmiyorum.,Qn*,,,negatif,,,,,kalite,1
4098,pozitif,test,"bosch marka kalite, memnunum, zincir bileme aparatı gerekiyor.",Qp,,,pozitif,,,,,,0
4099,negatif,test,kargomu yeni teslim aldım ürün güzel sorun yok keşke arayüzü türkçe olsaidi birde kablosu uzun. herkese tavsiye ederim teşekkürler hepsiburada.com ailesine ....,"Kx,Qp,Pn",nötr,,pozitif,negatif,,,,,0
4100,pozitif,test,ürün elime geçince merakla denedim ürün iş yörür fakat ürümle beraber gelen aksesuarlar özellikle kesici ve aşındırıcılar işe yaramıyor zımparalar aparatlara oturmuyor bunların dışındaki aşındırıcılar metal haricinde işe yarar,"Qp,Pn",,,pozitif,negatif,,,,,0
4101,pozitif,val,hepsi burada tarihinde ilk defa yorum yapıyorum ve bunun da göz önüne alınmasını tavsiye ederim,0,,,,,,,,,0
4102,pozitif,test,"kardeşime doğum günü hediyesi olarak aldım. kokusu muhteşem, çok kalıcı. üstelik ambalajı ve parfümün şişesi çok orijinal. genç beylerin vazgeçemeyeceği bir koku. üstelik bu fiyata kaçırılmayacak bir fırsat. alan pişman olmaz.","Pp,Gp,Fp",,pozitif,,pozitif,,pozitif,,,0
4103,pozitif,val,ben de ürünü bugun itibari ile aldım. öncelikle hızlı gönderi için teşekkür ederim. istanbuldan karsa 2 günde gelmesi taktir edilecek bi durum.,Kp,pozitif,,,,,,,,0
4104,pozitif,val,ürün elime kısa zamanda ulaştı. küçük ve çok güçlü teşekkürler hepsi burada...,"Kp,Bp,Pp",pozitif,,,pozitif,pozitif,,,,0
4105,negatif,test,ürünü teslim aldım uyguladım sabahında bütün camlardaki sinekliklerimin aşagıda oldugunu gördüm bantlar yapışmıyor ne tozluydu nede pis nede ıslak ama yapışmadı hiç beyenmedım birde çift taraflı bant ile deniycem olmaz ise atmak zorunda kalıcam,Qn,,,negatif,,,,,,0
4106,pozitif,val,yaklaşık 1 haftadır kullanıyorum gerçekten memnun kaldım umarım bir problem yaşamam. bir önceki telefonumda lg g3 tü hanıma verdim hiç bir problemi yoktu ve hiç sorun yaşamadım g3 ilede ve gerçektende hem kamerası hem performansı ile beni çok memnun etti.,"Qp,Pp",,,pozitif,pozitif,,,,,0
4107,negatif,test,mağazanın birinde bu ürünü inceleme fırsatı buldum. homend marka kullanmış biri olarak çelik modelini alın derim. hem sağlıklı hem güvenli. benden tavsiye,0,,,,,,,,,0
4108,negatif,val,resimdekinden daha kucuk . zigolarin monte edilmis sekli hic saglam degil. imjani olan daha iyi bisey baksin.,"Bn,Qn",,,negatif,,negatif,,,,0
4109,negatif,test,hattiniz hangisi olursa olsun goruntulu gorusme yapilmiyor ama diger internet gerektiren  programlarla yapilabiliyor.egerki goruntulu gorusme sik yapiyorsaniz hattiniz uzerinden almak mantikli degil.onun haricinde güzel sayilir.,"Pn,Qp",,,pozitif,negatif,,,,,0
4110,pozitif,val,yanında gelen yağ diş kovuğu kadar . mutlaka yağ da sipariş edin .,Bn,,,,,negatif,,,,0
4111,pozitif,val,sokaktaki canlar için uzun süredir her ay düzenli olarak aldığım ürün. o kadar severek yiyorlar ki onlar mutlu ben mutlu. şimdi bir de köpüşler için alıyorum. teşekkür ederiz hepsiburada ?,Qp,,,pozitif,,,,,,0
4112,pozitif,test,kızım doğduktan sonra farklı bir kaç pişik önleyici krem denedim. ancak sadece sebamed pişik önleyici krem pişik oluşmasını engelledi. o günden beride yalnızca bu kremi kullanıyoruz. çok memnun kaldık.,Qp,,,pozitif,,,,,,0
4113,negatif,test,"ürün 1600 w ve çekim gücü çok zayıf , ürün fiyatını haketmiyor","Pn,Fn",,negatif,,negatif,,,,,0
4114,negatif,val,i̇le uyumsuz. çekmiyor doğru düzgün. sıksık şebeke sorunu yaşıyorum. boşuna almayın heves edip.,Pn,,,,negatif,,,,,0
4115,negatif,val,her marka pili şarj edebiliyor. varta 2400mah piller ile sorunsuz şekilde çalıştı. led bilgilendirmeleri gayet başarılı. hızlı ve sorunsuz teslimat oldu.,"Pp,Kp",pozitif,,,pozitif,,,,,0
4116,pozitif,test,hepsi buradaya teşekkür ediyorum ürünüm istenilen zamanda elime ulaştı sağlam ve uygun fiyat.,"Kp,Fp",pozitif,pozitif,,,,,,,0
4117,negatif,val,"ürünü 2 sene önce aldım. başka bir mediaplayere bağlı olarak duruyordu. artık hiç bir şekilde içeriğine ulaşılamıyor, kendi kendine bozuldu.",Qn,,,negatif,,,,,,0
4118,negatif,test,felice marka değil magic hose marka hortum geldi. ve bütün bağlantı yerlerinden ciddi şekilde su kaçırıyor. bağlantıları teflon bant ile desteklerseniz o zaman kullanılabilir hale geliyor,"Sn,Qn",,,negatif,,,,negatif,,0
4119,negatif,test,"kalite sıfır ütü yaparken çok ses çıkartıyor,bacaklarında aksama var sallanıyor ve hiç güzel değil tavsiye etmiyorum. verdiğim paraya yazık şunu bir kez daha anladım ki alacağın ürünleri gözünle görerek kalitesini kontrol ederek almak gerekiyor.","Qn,Pn,Fn",,negatif,negatif,negatif,,,,,0
4120,pozitif,test,telefonu anlatmaya gerek yok zaten mükemmel bir telefon. hepsiburada ekibine teşekkür ediyorum hızlı ve kapalı kutu göndermişler. yanında aldığım spigen telefon kılıfı s7 için geldi tek sıkıntı o oldu. onun dışında alışverişte ve gönderimde hiç sıkıntı çıkmadı çok memnunumm,"Qp,Kp,Sn",pozitif,,pozitif,,,,negatif,,0
4121,negatif,test,çok basit bir ürün ısı ayarı bile yok.,Pn,,,,negatif,,,,,0
4122,negatif,test,sesi çok ğür çıkıyor ancak acıp kapattıktan sonra en baş şarkıya geri dönüyor ki aynı şarkıları dinlemek ten bıktım ve kaldırıp attım alısanız bunu düşünün,Pn*,,,,negatif,,,,performans,1
4123,pozitif,test,"120 tl ye geldi daha ne olsun. ucuz çin malı fiyatına çook kaliteli bir ürün, çantasıda çok kullanışlı ayrıca. başka sitelerde 300 tl den başlıyor","Fp,Qp,Pp",,pozitif,pozitif,pozitif,,,,,0
4124,negatif,test,ağız yapısından dolayı bebeğimiz hiç sevmedi bu ürünü - defalarca denememize rağmen.,Pn,,,,negatif,,,,,0
4125,pozitif,val,"eski hgs etiketini etiketini ve site giriş etiketini bezle hafif ovarak çıkardım, işe yarıyor",Qp,,,pozitif,,,,,,0
4126,negatif,val,"fiyatına göre fena sayılmayacak bir ürün, ben krem renkli olanını aldım çok güzel bir görüntüsü var. demonte halde gelmesine karşın kurulumu çok kolay, ancak ürünü görerek satın alma imkanım olsaydı biraz daha fazla ücret ödeyerek, kaliteli bir ürün alırdım.","Fp,Gp,Pp,Qn",,pozitif,negatif,pozitif,,pozitif,,,0
4127,negatif,test,kokusu beni çok tatmin etmedi. hediye olarak aldım hem kalıcılığı hem de kokusu benim çok içime sinmedi.,Pn,,,,negatif,,,,,0
4128,pozitif,test,kimi yorumları okuduktan sonra alıp almamakta  tereddüt ettik. mağazalardaki fiyatını görünce burdan sipariş ettik. gelir gelmez denedik. halıyı çekip kaldıracak kadar güçlü. bu güne kadar meğerse süpürge yaptığımızı düşünüyormuşuz. eski süpürgenin süpürdüğü halıdan nasıl toz çıkardı.,"Fp,Pp",,pozitif,,pozitif,,,,,0
4129,pozitif,test,kesinlikle süper bir ürün bizim köpeğimiz bayılıyor.fiyat olarak da çok uygun ve kargo bedava olunca harika oluyor. teşekkürler hepsi burada,"Qp,Fp,Kp",pozitif,pozitif,pozitif,,,,,,0
4130,negatif,test,"ürünün içinden üçgen bir şey çıkıyor ve nereye takılacağı belli değil, kafa karıştırıyor. ayrıca tüm kafeslerle uyumlu değil. vision marka kafesime aldım büyük geldi çok fazla büyük, önermiyorum.","Pn,Bn",,,,negatif,negatif,,,,0
4131,pozitif,val,hem kaliteli hem de fiyatı çok uygun. zamanında r,"Qp,Fp",,pozitif,pozitif,,,,,,0
4132,negatif,val,"kargo çok hızlı 24 saatte elime ulaşti ama,parfüm kokusu 1 saat sonra uçuyor..  ama fiyata göre iyi parfüm alınır...","Kp,Pn,Fp",pozitif,pozitif,,negatif,,,,,0
4133,pozitif,val,"uzun arastirmalarim sonucu aldigim bu lastigin bir arabaya neler kattigini en iyi sekilde gozlemledim..karda buzda ve yagmurdaki performansi ust duzeyde..arabam resmem kimlik degistirdi, sessizlesti ve yol tutusu artti.buz ustunde frenlemesi inanilmaz..alacak olanlar hic dusunmesin.ankaranin sogugunda ve karında test edildi..",Pp,,,,pozitif,,,,,0
4134,pozitif,test,"ürün fiyatının kesinlikle üzerinde kaliteye sahip, beklentimin çok üzerinde. tavsiye ederim.","Fp,Qp",,pozitif,pozitif,,,,,,0
4135,pozitif,test,gayet güzel ve kaliteli bir ürün en azından fiyatını göz önüne aldığımızda. sipariş verdiğim gün paketlenip kargoya verildi. kargodan da bana 2 güne teslim edildi. ürün geldiğinde de hiçbir kusuru yoktu. kısacası hiçbir sıkıntıyla karşılaşmadım.,"Qp,Fp,Kp",pozitif,pozitif,pozitif,,,,,,0
4136,negatif,test,"kulak tıkacı birçok yerdeki gürültüyü büyük oranda engelliyor fakat uyurken asla ama asla takmayın! birkaç gündür kullanıyorum bir sorun yoktu ama bugün bir baktım tıkaç kulak yolunun çok içlerine gitti güç bela çıkarabildim, olmasaydı hastaneye gidecektim. sakın uyurken takmayın!",Pn*,,,,negatif,,,,performans,1
4137,pozitif,test,yağ gibi kayıyor ve de sıfır ses var. bu kadar da ucuz.,"Pp,Fp",,pozitif,,pozitif,,,,,0
4138,negatif,test,benim beklediğim gibi tek seferde tertemiz yapan bir ürün çıkmadı.yumuşak olan tüyleri alması çok zor.,Qn,,,negatif,,,,,,0
4139,pozitif,test,"bu ürünü alana kadar aynaları silmek hep eziyet oluyordu. bez ile silmeye çalıştığımda toz/çamur iyice aynaya bulaşıyordu. lastik kısmı çok başarılı, hiç su bırakmıyor ve ayna pırıl pırıl çıkıyor. büyük rahatlık. herkese tavsiye ederim.","Qp,Pp",,,pozitif,pozitif,,,,,0
4140,pozitif,val,"ürünü sipariş ettim ertesi gün kapımdaydı, üründen çok memnun kaldım teşekkürler","Kp,Qp",pozitif,,pozitif,,,,,,0
4141,pozitif,test,urun bugün sorunsuz bir şekilde elime ulaştı. gri kalmamıştı kahverengi aldım. başta tereddüt etmiştim ama kahverengi de çok hos duruyor. i̇lk izlenimim olumlu. fiyatına göre sunduğu ozellikler fazla. kalemli ve çok pahalı olmayan telefon arayanlar için tam fiyat performans ürünü.,"Kp,Gp,Fp,Qp,Pp",pozitif,pozitif,pozitif,pozitif,,pozitif,,,0
4142,pozitif,test,"kamerayı araştırdım ve buna karar verdim tüm aksesuarları mevcut, ürün küçücük ben motorsikletimin kaskına takmak için aldım ve tam uydu , araç aksesuarları da mevcut, su altı dalışını henüz denemedim ama menüsü basit ve türkçe olması gayet güzel tavsiye ederim","Sp,Bp,Pp",,,,pozitif,pozitif,,pozitif,,0
4143,negatif,test,halı resimdekini aynısı değil resme aldanıp almayın. ebatları yazılan gibi ama halı resimdeki gibi guzel gorunmuyor bildiğiniz piyasadaki ucuz yolluklar ile aynı,"Gn,Bp,Qn",,,negatif,,pozitif,negatif,,,0
4144,negatif,test,audacity programı kullanıyorum. gürültü kaldırıyorum ses gitsede aynı ses hale geliyor. 3 - 4 gün memnundum ama benden mi kaynaklanıyor üründenmi bilmiyorum...,Pn,,,,negatif,,,,,0
4145,pozitif,test,"güzel ve kaliteli ürün, zamanında kargo, ilgili satıcı, tek kusuru şarj kablosunun sony xperia z5 premium ile uyumlu olmaması, bu problemi de farklı bir kablo alarak çözdüm, birde kargo ücretsiz olsa daha güzel olacak.","Qp,Kp*,Sp,Pn",pozitif,,pozitif,negatif,,,pozitif,kargo,1
4146,pozitif,test,urun cok guzel cok arastırdım ve bu urunu almaya karar verdık ve gercekten guzel br makıne .tavsıye ederım.makına cok uzun surelı uyku moduna gecmıyor yanı tam tostun olmasına yakın kapanıpta tostu kurutmuyor.,"Qp,Pp",,,pozitif,pozitif,,,,,0
4147,pozitif,test,aldığınız etin hakkını veriyor mühürleme yaparak gerçekten çok lezzetli etler pişirebilirsiniz..,Pp,,,,pozitif,,,,,0
4148,pozitif,test,plastik kalitesi o kadarda iyi değil. elde pro bir his bırakmıyor. herzaman fiyat performans için değerlendiririm. çok iyi.,"Qn,Fp",,pozitif,negatif,,,,,,0
4149,negatif,test,verdiginiz paraya degmez bir kere bile şarj etmiyor,"Fn,Qn",,negatif,negatif,,,,,,0
4150,negatif,test,"ürün tutuş kolaylığı ve ağız içi kullanımı için ergonomik,fiyat olarak uygun. fakat kılları çok sert ve  seyrek temizlemede etkili değil. diş etlerini çok rahatsız ediyor. yumuşak başlık bekleyenleri hüsrana uğratabilir. daha iyi olabilirdi.  :(((","Pn*,Fp,Qn",,pozitif,negatif,negatif,,,,performans,1
4151,negatif,val,"artıları: oyunlarda takılmaz,int. ,wifi hız iyi ram yeterli, kamera iyi,menü geçişleri güzel",Pp,,,,pozitif,,,,,0
4152,pozitif,test,uzun zamandır kopeklerıme verdıgım bır mama köpeklerım severek yıyıyor fıyat olarakta gayet uygun herkese tavsıye ederım cok tesekkurler,"Qp,Fp",,pozitif,pozitif,,,,,,0
4153,pozitif,test,ürün fiyatına göre gayet kaliteli ve güzel ürün arakdaşım için sipariş ettim cok memnun kaldılar,"Fp,Qp",,pozitif,pozitif,,,,,,0
4154,negatif,test,tencerelerin kapakları tam oturmuyor ayrıca çiziliyor da! daha kaliteli bi markadan almanızı tavsiye ederim,Qn,,,negatif,,,,,,0
4155,negatif,val,ürün teslim aldıktan sonra yıkayıp kullanalım dedik. 30 derecede orta uzunlukta programda yıkandı. sıkmada katlandığı yerlerden beyaz çizgiler şeklinde boyası akmış. hiç kimseye tavsiye etmem,Qn,,,negatif,,,,,,0
4156,pozitif,val,memlunum oturma odasına 2 adet takdım süper aydınlattı daha önce 5.6w lık 2 ad. yerine taktım çok güzel oldu,"Qp,Pp",,,pozitif,pozitif,,,,,0
4157,pozitif,test,çok memnun kaldım teslimat kalite herşey on numara kendim mağazaya gidip bu kadar hızlı alamazdım,"Kp,Qp",pozitif,,pozitif,,,,,,0
4158,pozitif,test,bağlantı noktalarında aspiratör tarafı cuk diye birebir oturuyor ancak baca tarafı fileksi için büyük kalıyor kaplama bantla bu durumu çözebilirsiniz...,Bn*,,,,,negatif,,,boyut,1
4159,negatif,test,"ürün montaja hazır bir şekilde gelmedi, ve içerisinde doğru düzgün bi montaj kataloğu çıkmadı. montajının zorluğundan dolayı pek tavsiye etmem.","Pn,Sn",,,,negatif,,,negatif,,0
4160,pozitif,test,çok güzel bekledigimden biraz daha büyük ve renkleri çok ilgi çekici. kızımın çok dikkatini çekti ve sevdi topu alma hevesiyle dönmeye de başladı. teşekkür ederiz :),"Bx,Gp,Qp",,,pozitif,,nötr,pozitif,,,0
4161,pozitif,test,ürün siparişini verdikten 1 gün sonra elimdeydi. sevkiyat süper.,Kp,pozitif,,,,,,,,0
4162,pozitif,test,ürün kesinlikle kaliteli ancak case 4u markalı değil. dandik bir kutuyla gelmiş ama kaliteli ve mıknatıs gücü çok iyi hiçbir sıkıntı olmuyor şarja takıp çıkartırken çok kullanışlı,"Qp,Kn,Pp,Sn",negatif,,pozitif,pozitif,,,negatif,,0
4163,negatif,test,makina sarj kutusuna oturmadigi icin sarj olmuyor ilk geldiginde icinde olan sarj ile tras oldum gayet iyiydi fakat suan sarj edemedigim için kullanamiyorum,Qn*,,,negatif,,,,,kalite,1
4164,negatif,test,ürün kalitesiz paket kumaşının içine yerleştirilmiş boru izolasyonu şeklinde geldi. eşim kokusundan dolayı eve almadan attı. fiyat performans açısından ancak kabul edilebilir.,"Qn,Pn,Fx",,nötr,negatif,negatif,,,,,0
4165,pozitif,test,guzel isinizi gorur  telefonla gorusme de tatmin edici,"Qp,Pp",,,pozitif,pozitif,,,,,0
4166,pozitif,test,"makinanın ağırlığı kolu yormuyor ,aynı zamanda üfleme gücüde gayet güzel ,kullanışlı ve zaten markada tanınmış bir marka,birgün içindede elinize ulaşıyor.ben beğendim...","Pp,Bp,Kp,Qp",pozitif,,pozitif,pozitif,pozitif,,,,0
4167,negatif,test,zayıf bir malzemeden üretilmiş et kalınlığı zayıf 2001 doblo için aldım ölçüleri uydu 1 hafta kadar koku yapıyo fiyatına göre malzeme geçici olarak kullanıla bilir,"Qn,Bp,Pn,Fx",,nötr,negatif,negatif,pozitif,,,,0
4168,negatif,val,5 mm. bir düğmeden daha küçük olduğunu unutmayın. ve ürünün 10 tane olması az ancak mıknatıs özelliği yüksek seviyede olması iyi.,"Bn,Pp",,,,pozitif,negatif,,,,0
4169,pozitif,test,oral _ b bu işin profesyoneli. herr fırçası çok başarılı. tebrikler..,Qp,,,pozitif,,,,,,0
4170,negatif,test,köpeğim sevmedi normal ürünleri kokladıgı anda alıp götürürdü bunu kokladı ama tenezzül etmedi,Qn,,,negatif,,,,,,0
4171,pozitif,val,2.5 inç aktarım hızı da iyi 3.0 da ortalama 75 mb/s  ye ulaşıyor. ara kablosu daha uzun olabilirdi. daha iyisi yapılana kadar en iyisi bu herhalde.,"Pp,Bn",,,,pozitif,negatif,,,,0
4172,negatif,test,"prima güzel bir bebek bezi markası ancak son zamanlardaki yeni cıkan teknolojili bu bez pi̇şi̇k,sizdirma  yapıyor ????",Qn,,,negatif,,,,,,0
4173,pozitif,val,bir ay evvel aldığım altus 4 programlı bulaşık makinesinden çok memnunum.,Qp,,,pozitif,,,,,,0
4174,pozitif,val,parasına göre çok güzel .kargo zamanında geldi. memnunun,"Fp,Kp,Qp",pozitif,pozitif,pozitif,,,,,,0
4175,pozitif,test,"ürün her yerde ayni sonuçta. ama hepsi̇burada'dan almak hem ucuz, hem güveni̇li̇r, hem de hizli. gece aldim, sabah yola çikti. teşekkürler.","Fp,Sp,Kp",pozitif,pozitif,,,,,pozitif,,0
4176,pozitif,test,çok hızlı kargo. mükemmel bir ürün. i̇lk kullanışta diş etlerimin rahatladığını hissettim. tavsiye ederim.,"Kp,Qp",pozitif,,pozitif,,,,,,0
4177,negatif,val,"çok ince, çok kalitesiz ve elektrik çarpıyor sürtündükçe. daha kötüsü olamaz herhalde. anca parçalara kesip kullanılabilirler sanırım.   daha kalın matları tercih edin.","Qn,Pn",,,negatif,negatif,,,,,0
4178,pozitif,test,kum sesi ve biraz buyuk olması harıcınde bı sorunla karsılasmadım,"Pn,Bn",,,,negatif,negatif,,,,0
4179,pozitif,val,evde spor yapmak isteyenler için gayet başarılı bir ürün. eksiksiz ve başarılı bir şekilde ambalajlanmış çok hızlı geldi ürün. teşekkür ederim hb ve satıcı firmaya.,"Qp,Kp,Sp",pozitif,,pozitif,,,,pozitif,,0
4180,pozitif,test,konusunun güncel olması  hoşuma gitti okunması gereken bir  kitap tavsiye ediyorum.,Pp,,,,pozitif,,,,,0
4181,pozitif,test,ürün fiyata göre  normal dışı plastik içinde kum mevcut. yeni başlayan için ideal,"Fx,Qp",,nötr,pozitif,,,,,,0
4182,negatif,test,kitapta bol miktarda çelişki mevcut bolca ikilem içinde kaldık. memnun kalmadık kitaptan.,"Pn,Qn",,,negatif,negatif,,,,,0
4183,negatif,test,ürünün içerisinde sanki 3gr yerine 1.5gr varmış gibi sıkıyorsun yarısı hava boşalıyor.,Bn,,,,,negatif,,,,0
4184,negatif,test,delta çok fonksiyonlu deluxe kapı barfiksi + mekik & şınav çekme aleti - ds 1325  ürün süper hızlı gönderi deniliyor ama 3 gün geçti hala kargoya verilmedi lütfen kargo işlemini gerçekleştirin,Kn,negatif,,,,,,,,0
4185,negatif,test,çok ağır ilerliyor.kitap okumaya yeni başlamıştım soğudum o derece yani,Pn,,,,negatif,,,,,0
4186,pozitif,test,ürün çok kısa zamanda elime geçti. duvarda leke bırakmıyor ve boyayı sökmüyor tabi kaldığım toki evinde hariç.,"Kp,Qp",pozitif,,pozitif,,,,,,0
4187,pozitif,test,siteden ve üründen memnunum ürün sağlam olarak kısa sürede geldi teşekkürler kago hızlı yani memnunum herkese tavsiye ederim.internetten ilk defa bu kadar büyük alış veriş yaptım ve memnun kaldım,"Kp,Sp,Qp",pozitif,,pozitif,,,,pozitif,,0
4188,pozitif,val,bu markayı daha önce de kullandığım için etkisini biliyordum ve gayet memnundum. burada uygun fiyatlı olunca hemen aldım. kesinlikle tavsiye ederim,"Qp,Fp",,pozitif,pozitif,,,,,,0
4189,pozitif,test,"montajı gayet basit. normal perdelere göre biraz daha parlak ve bence gayet yeterli... epson tw6000 ile beraber kullanıyorum , herkese tavsiye ederim.",Pp,,,,pozitif,,,,,0
4190,pozitif,val,ürününü 1 hafta önce aldım. oldukça kaliteli bir ürün. pille çalışıyor ve suya dayanıklı. tek eksiği çantasının olmaması.,"Qp,Pp,Sn",,,pozitif,pozitif,,,negatif,,0
4191,negatif,test,derisinin biraz sert olmasından dolayı tamamen elinizin şeklini almıyor ama parasına göre değecek bir ürün.eger daha iyisi olsun derseniz paranıza kıyıp daha iyisini almanızı öneririm.,"Qn,Fp",,pozitif,negatif,,,,,,0
4192,pozitif,test,i̇ki yıldır kullanıyorum kamerası 1.5 gibi hissettirmiyor net ve güzel 4.5 g uyumluda değil tek sorun bu galiba ?? almak isteyen varsa alabilir,Pp*,,,,pozitif,,,,performans,1
4193,negatif,val,eğer hb üzerinden iade etmek kolay olsaydı kesin iade ederdim.  ama hb devlet dairesinden daha yavaş ve kötü çalışıyor.,Sn,,,,,,,negatif,,0
4194,negatif,test,bir önceki aldığım ürün güzeldi ama  kağıt gibi elini siliyorsun elinde kalıyor gazete kağıdı gibi,Qn,,,negatif,,,,,,0
4195,negatif,val,güzel ama yeni tip ampuller için alakası bile yok eski telli ampul kullanırsanız olur,"Pn,Qp",,,pozitif,negatif,,,,,0
4196,negatif,val,bu süpürge çok kötü çile çekersiniz hanımlar.sessiz ama tozları çekmiyor,"Qn,Pp",,,negatif,pozitif,,,,,0
4197,pozitif,test,"samsung note 5 ile hızlı şarjda mükemmel sonuç aldım, aldığım için son derece mutluyum. telefonun şarj soketi arızalansa, bu ürünün fiyatına tamir ettirmek mümkün değil. çok başarılı.","Qp,Pp,Fp",,pozitif,pozitif,pozitif,,,,,0
4198,negatif,test,ürün paketleme iyi değildi.telefon kutusu hepsiburadanın kutusunun içinde sağa sola sallanıyordu.aynı gün kargo yapılmadı.telefonun arka kameranın olduğu kısımda hafif tıklatınca ses geliyor.ekran başarılı.ayrıca çok hafif bir cihaz.işlemleri rahatlıkla yapıyor.şarj konusunda fazla bişey beklmeyin fazla gitmiyor.,"Kn,Qn,Pp,Bp",negatif,,negatif,pozitif,pozitif,,,,0
4199,negatif,test,"kitap cinsellik ve erotizim üzerine yazılmış cok fazlaca cinsellik taşıyor, arkadaşlar tafsiye etmemişlerdi ben genede seri bozulmasın diye üçünü birden aldım suanda fi yi bitirmek üzereyim almanızı tafsiye etmem bu kitaba vereceğiniz paraya daha güzel daha hoş kitap alabilirsiniz.","Pn,Fn",,negatif,,negatif,,,,,0
4200,negatif,val,incelik olarak iyi yalniz kullanimi insanin sinirini bozuyor.zor aciliyor.,"Gp,Pn",,,,negatif,,pozitif,,,0
4201,pozitif,val,yıllardır kullandığım için kalitesini biliyorum. yanındaki hediyesi ile birlikte 1 yıllık jilet ihtiyacımı karşılayacak. ayrıca hızlı kargoda cabası. teşekkürler hepsi burada,"Qp,Fp,Kp",pozitif,pozitif,pozitif,,,,,,0
4202,pozitif,test,"güzel ürün, dekoratif amaçlı aldım.  çok şık duruyor.","Qp,Gp",,,pozitif,,,pozitif,,,0
4203,negatif,val,arkadaşlar alırken dikkat edin televizyonunuz vesa ya uygun mu değil mi araştırın lg tv ye uymadi,Bn,,,,,negatif,,,,0
4204,negatif,test,zaten sadece bu ürünü sıkıp ovaladığın zaman istediğin sonucu elde edemiyorsun; tanzikli su uygulaman şart!!!,Qn,,,negatif,,,,,,0
4205,negatif,val,xiaomi 20000 mah taşınabilir şarj cihazı ile birlikte xiaomi 20000 mah taşınabilir şarj cihazı siyay renk silikon kılıfı da aldım. ancak kılıf şarj cihazı boyutlarından daha büyük olduğu için iade ettim.,Bn,,,,,negatif,,,,0
4206,pozitif,test,"ihtiyacım olmamasına rağmen ucuz gördüğüm için sepete atayım, dedim. iyi ki satın almışım. sert kapaklı, içindekiler zarar görmez, kaliteli ürün.","Fp,Qp",,pozitif,pozitif,,,,,,0
4207,pozitif,val,ürün çok harika bir etken madde  tanıtımı yapıldığı gibi  aynı şekilde performans sağlıyor tüm yüzeylerde kullanılabilir,Qp,,,pozitif,,,,,,0
4208,negatif,val,ürün orjinal zippo kalitesinde değil.çakmak taşı görevi gören sürttüğünüz yer belli bir süre sonra biten tarzda bir şey.çok kaliteli değil ama fiyatına uygun..,"Qn,Fp",,pozitif,negatif,,,,,,0
4209,pozitif,test,ayağı üşüyenler için mükemmel bir çorap çift çift çorap giymeye gerek yok artık. hem de fiyatıda gayet uygun.kesinlikle tavsiye ederim.,"Qp,Fp",,pozitif,pozitif,,,,,,0
4210,negatif,val,ürünü 5 kez sarj etmemize rağmen hiçte orjınal şarj gibi uzun gitmiyor tavsiye etmem,Qn,,,negatif,,,,,,0
4211,pozitif,test,her zaman el altında olması gereken poşet hem hesaplı hem de güzel.marketle arada fiyat farkı yok eve kadar gelmesi güzel. büyüklüğü ideal ve sağlam tavsiye ederim,"Fp,Kp,Bp,Qp",pozitif,pozitif,pozitif,,pozitif,,,,0
4212,pozitif,test,bu fiyata bulupta bulabileceginiz en güzel orjinal deri eldiven gercekten işe yarıyor. derisi sert diyenleri anlamıyorum çünkü hakiki orjinal deri sert olur.,"Fp,Qp",,pozitif,pozitif,,,,,,0
4213,pozitif,test,aldığınızda %100 doldurun sonra *#0228# tuşuna basın çıkan ekranda altta bulunan kırmızı yazılı düğmeye basın. şarj düzeyiniz düşecektir. örneğin % 80. tekrar şarj edin % 100 yapın. bu işlemi düğmeden % 100 sonucu alana kadar yapın. güle güle kullanın.,0,,,,,,,,,0
4214,pozitif,test,"evet çiziksiz bir araç için bence doğru seçim diğer yorumlarda da belirtildiği gibi çift taraflı oluşu gerçekten çok işe yarıyor özellikle inatçı (kuş pisliği) kirlerde ve lekelerde sert olan tarafla uygulama yapabiliyorsunuz, özellikle köpüklü yıkamalarda gayet güzel.",Pp,,,,pozitif,,,,,0
4215,negatif,test,kaliteli birşey değil.parasını hak etmiyor. şuan ki fiyatının yarısını hak ediyor.,"Qn,Fn",,negatif,negatif,,,,,,0
4216,pozitif,test,la ile ilk kitabını okuduğum yazarın bu kitabını hiç düşünmeden aldım ve çok keyifle okuduğum bir kitap ile karşılaştım,Qp,,,pozitif,,,,,,0
4217,negatif,test,ayrıca çay soğutuyor ısı muhafaza edilmiyor. otomatik ısıtması başarılı değil. ofis için aldık pek beğenmedim,"Pn,Qn",,,negatif,negatif,,,,,0
4218,negatif,test,"diş fırçası başlıkları, makineyle birlikte gelen başlık kadar kaliteli değil",Qn,,,negatif,,,,,,0
4219,pozitif,val,2 3 aydan beri kangal kopeklerimde kullanıyorum severek yiyorlar,Qp,,,pozitif,,,,,,0
4220,negatif,val,"geciktirici özelliğini hiç göremedim, aksine birde performans düşürdü",Qn,,,negatif,,,,,,0
4221,negatif,val,aldım talimatına göre kullandım ama anlatıldığı gibi kaliteli ve kullanımı kolay ürün değil tavsiye etmiyorum,"Qn,Pn",,,negatif,negatif,,,,,0
4222,negatif,val,ankastre mutfak için ebatları yüzünden tercih ettiğim bi üründü.tepsi zor oturuyor. çok geç pişiriyor normal tariflere en az +25/30dk ekleyin 180se 200 220 filan yapın.,"Bp,Pn",,,,negatif,pozitif,,,,0
4223,negatif,test,ürünü aldığım da bi sorun yoktu kulandım 1 hafta sonra jak çıkışları filan gevşedi sonra kafamı çevirdiğimde jak girişi kırıldı artık kullanmıyorum birz dayanısiz,Qn,,,negatif,,,,,,0
4224,pozitif,val,"resim çok hoşuma gitti. ancak tabloyu çekinerek aldım, ya göründüğü gibi çıkmazsa diye, resim geldi renkler daha canlı, gerçekten çok güzel. çok beğendim. odaya ayrı bir hava getirdi.","Gp,Qp",,,pozitif,,,pozitif,,,0
4225,negatif,test,"sifresi de degismiyor, uzerinde gelen sifreyi kullanmak zorundasiniz.",Pn,,,,negatif,,,,,0
4226,negatif,test,4- isınınca metal aksamın yapıştırmalarından açma yapabiliyor ama korkmayın servis hemen onarıyor.,"Qn,Sp",,,negatif,,,,pozitif,,0
4227,negatif,val,parasını amorti ettiği kesin ama bende uzun süre aynı yapışkanlığını koruyacak sanıp almıştım. lakin öyle değilmiş. çok bişey beklemeyin. rulodaki rahatlığı alamadım ben. sıcak suyla temizlemeye harcadığınız para roludan pahalıya gelebilir.,"Qn,Fn*",,negatif,negatif,,,,,fiyat,1
4228,pozitif,test,ürünümü bana belirtilen zaman içerisinde aldım üründen çok memnunum emsallerine göre harika herkese tavsiye ederim,"Kp,Qp",pozitif,,pozitif,,,,,,0
4229,pozitif,test,merhaba; rahatlatıcı özelliği var. ferahlatıyor.. fakat ki̇myasal dozu yüksek olduğundan fırçaya çok az sürünüz. tavsiye ederim. teşekkürler. sayg.,Pp,,,,pozitif,,,,,0
4230,pozitif,test,müzik severler için vazgeçilmez bir ürün. boyutuna göre çok fazla ses çıkarıyor.bence hiç düşünmeden alın. çok seveceksiniz. istediğiniz her yere kolaylıkla götürebilir ve şarkıları dinleyebilirsiniz,"Qp,Pp",,,pozitif,pozitif,,,,,0
4231,negatif,test,kokuyu da kalıcılığını da beğenmedim 2 adet aldım birini camsile döktüm içindeki alkol işe yarasın diye diğeri halen süs olarak duruyor...,Pn,,,,negatif,,,,,0
4232,negatif,test,"hortum tam 15 metre olarak uzamıyor. 13.7 metre tam uzunluğu , metre ile ölçtüm. tam ölçüye göre alacak olanlar ona göre düşünsünler",Bn,,,,,negatif,,,,0
4233,negatif,test,sesi cok gucu az kurutmasi zayif ergonomik degil vasatin altinda bi ürün,"Pn,Qn",,,negatif,negatif,,,,,0
4234,negatif,test,"sarz ömrü 4.5g den dolayı, yarim gun zor dayaniyor. çekim gücü zayıf! konuşurken ısınıyor.  memnun değilim. iade edecegim.","Qn,Pn",,,negatif,negatif,,,,,0
4235,negatif,test,yılbasında aldım kolayca kurdum.1 aydırda kullanıyorum şimdilik gayet ıyı.eşofman bıraz adı .alanlar ılave yagını mutlaka alsın. çunkı yanında verılen yag çok az ve kullanışsız.spray yag kullanımıda kolay faydalı aynı zamanda .,"Qp,Pp,Bn",,,pozitif,pozitif,negatif,,,,0
4236,pozitif,test,gayet kullanışlı iyi bir ürün kesinlikle alınır. keşke 1 lt.boyuda olsaydı.,"Pp,Qp,Bx",,,pozitif,pozitif,nötr,,,,0
4237,negatif,val,2 koli aldım fakat bu zamana kadar kullandığım kağıtların el kalitesizi buydu herhalde.. çoklu çıktılarda 1 sayfayı yazıyor ve 3 5 kağıt birlikte çıkarıyor. fiyatı uygun diye aldım ama ucuz etin yahnisi bol olur derlerya kesinlikle tavsiye etmiyorum.,"Qn,Pn",,,negatif,negatif,,,,,0
4238,negatif,test,ürün fiyatına göre gayet yeterli. ortam sesi biraz zayıf geldi bana. ama  abartıl rakamlar ödeme niz gereksiz. . modeller çok çabuk güncelliğini yitirio. dolayısıyla az parayla ihtiyacı gidermek esas olan. kamera kalitesi güzel ebat ideal. fiyat makul. tavsiye ederim.,"Fp,Pp*,Bp",,pozitif,,pozitif,pozitif,,,performans,1
4239,negatif,val,bi makinadan ancak bu kadar ses çıkabilir. ağaç motoru daha az ses çıkartır.,Pn,,,,negatif,,,,,0
4240,pozitif,val,merhaba çalışanlarınız dahil hepsi burada . com teşekkür ederim (satıcı firma dahil),0,,,,,,,,,0
4241,pozitif,test,duvar kenarlarında dahi beklediğimden çok daha iyi sonuçlar aldım. kullanırken makinenin hafifliği ve saklarken makinenin az yer kaplaması beni oldukça tatmin etti.,"Qp,Bp",,,pozitif,,pozitif,,,,0
4242,pozitif,test,"gayet guzel , hesapli ve kaliteli bir urun.","Fp,Qp",,pozitif,pozitif,,,,,,0
4243,negatif,val,"kokusu güzel ama kalıcılık sıfır,normalde 2-3 kere bastığım parfümden kendin bile rahatsız olurken bununla 5-6 defa sıkıyorum ve öğlene kadar ancak kalıyo akşama tamamen uçup gidiyor,ben tavsiye etmem sırf ismi var diye aldım ama pişman oldum bidaha asla almam,,,","Pn*,Qn",,,negatif,negatif,,,,performans,1
4244,pozitif,val,"aktarım hızı biraz düşük, bunu da bilerek aldım. genel itibarıyla memnunum. tavsiye ederim.","Pn,Qp",,,pozitif,negatif,,,,,0
4245,pozitif,val,alalı 1 hafta oldu ve taktım kullanıyorum. yaydığı ışık oldukça yeterli. avizede 15 w tasarruflu ampulün yerine taktım ve daha başarılı.,Pp,,,,pozitif,,,,,0
4246,pozitif,val,4 kasımda sipariş verdim 6 kasımda taş ağrıya geldi elime ulaştı.gerçekten çok teşekkürler hepsi burada.com ürüne gelince cantasiyla birlikte cok iyi bir urun tereddüt etmeyin alın boscha güvenin macaristan da üretilmiş.,"Kp,Qp",pozitif,,pozitif,,,,,,0
4247,pozitif,test,"üründen memnunum alalı 1 hafta oldu, fiyat performans ürünü","Fp,Qp",,pozitif,pozitif,,,,,,0
4248,negatif,test,bezi bağladıktan sonra her kontrol edişimizde bantların ayrıldığını görüyoruz. kalite gerçekten kötü.,Qn,,,negatif,,,,,,0
4249,negatif,test,"ürünün renkleri olsun kargo süresi olsun harika fakat malzeme kalitesi için aynı şeyi söyleyemicem ayağın tekini takarken güç uygulamadan nazikçe takarken ayağın yuvası kırıldı müzik çalması (gangam style,alibabanın çiftliği,happy birtday  hoppala özelliği falan harika tercih sizin","Gp,Kp,Qn,Pp",pozitif,,negatif,pozitif,,pozitif,,,0
4250,negatif,test,"herkesin elinde görüyorum bu kitabı, merak edip aldım.",0,,,,,,,,,0
4251,negatif,test,mamayi yedi̇ği̇ gi̇bi̇ i̇sal oldu düzelmedi̇ royal cani̇nden den geri̇si̇ boş onunla düzeltti̇m alirken i̇ki̇ kere düşünün.,Qn,,,negatif,,,,,,0
4252,pozitif,val,ürünü teslim aldım ve hemen kahve keyfimizi yaptık. kullanımı ve temizliği çok kolay. teşekkürler hepsiburada.com ailesi.,"Kx,Pp",nötr,,,pozitif,,,,,0
4253,negatif,test,"ufak bi ledi de olsaydı daha kullanışlı olurdu, uzun yolculuklarda at arabaya...",Px,,,,nötr,,,,,0
4254,pozitif,val,diğer saç düzleştiriciler gibi elektriklenme yapmıyor ayrıca çoğuda saçın yağlanmasına neden oluyor ancak bu üründe böyle bir etki görmedim çok beğendim her gün rahatlıkla kullanabiliyorum.,"Pp,Qp",,,pozitif,pozitif,,,,,0
4255,pozitif,test,"ilk traş makinem, alışmam zaman aldı ama sinekkaydıya yakın bir traş oldu. temizleme aparatı gerçekten başarılı","Qp,Pp",,,pozitif,pozitif,,,,,0
4256,pozitif,test,"ürün bu öğlen elime geçti. hafifliği ile dikkatimi çekti. görüntüsü, fonksiyonları, yayınları yakalama becerisi açısından beğenimi oldukça kazandı. ev içi kullanımı açısından oldukça güçlü ve net bir sese sahip.","Bp,Gp,Pp,Qp",,,pozitif,pozitif,pozitif,pozitif,,,0
4257,negatif,val,"film ,mp3, video, resim unut bunları, az sayıda program",Pn,,,,negatif,,,,,0
4258,negatif,test,yatak haline getirip açtığınızda menteşeleri (4 adet) kumaşın altından çıktığı için üzerine bir şilte atmadan yatamazsınız.,Pn,,,,negatif,,,,,0
4259,pozitif,test,sınıfınızda şöyle orta boyutlarda kullanışlı bir mantar panonuz olsun istiyorsanız bu ürün tam size göre! boşuna marangozda yaptırmaya uğraşmayın 3 gün içinde elinizde...,"Bp,Kp",pozitif,,,,pozitif,,,,0
4260,negatif,val,"çok yavaş, her oturum açılışında saati güncellemek gerekiyor. parasını kesinlikle hak etmiyor. geliştirmeye müsait değil. asla tavsiye etmem. şimdiye kadar hepsiburada dan aldığım en kötü ürün.","Pn,Fn,Qn",,negatif,negatif,negatif,,,,,0
4261,pozitif,test,cok guzel bi ütü. piyasaya göre cok düşük fiyata yine hepdiburada sayesinde ayağımıza geldı. cok cabuk ıstıyor ve buhar gucu kuvvetli. kesinlikle oneririm. ihtiyacı olan hiç dusunmeden alabilir,"Fp,Kp,Pp,Qp",pozitif,pozitif,pozitif,pozitif,,,,,0
4262,negatif,val,boyutları çok büyük geldi bize. ayrıca üründe darbeler vardı. sıfır olduğu konusunda tereddütler vardı. çok ağırdı. i̇ade ettik. ancak yazı yazılacak kısım gayet iyi görünüyordu.,"Bn,Kn",negatif,,,,negatif,,,,0
4263,pozitif,test,ürün süper ve eli̇me cok hizli sekilde ulaşti..,"Kp,Qp",pozitif,,pozitif,,,,,,0
4264,pozitif,val,renk seçeneği yoktu. yeşil gelmiş olsun. pratik birazda idareten bir ürün,Gn,,,,,,negatif,,,0
4265,pozitif,val,"gimpet malt softu uzun yıllardır kullanıyorum. diğer markaların malt ürünlerine kıyasla lezzet, kıvam ve etkinlik düzeyi çok yüksek. hepsiburadada her zaman uygun fiyatla bulabiliyorum ayrıca kargoyla evime kadarbir gün içinde ulaştırılıyor. herkese tavsiye ederim.","Pp,Fp,Kp",pozitif,pozitif,,pozitif,,,,,0
4266,pozitif,test,almadan önce tereddütlerim vardı yorumları okuduktan sonra almaya karar verdim çok iyi bir telefon herkese tavsiye ederim. sipariş verdikten sonra 2 gün içinde elimde tam ve eksiksiz olarak elime geçti.,"Kp,Sp,Qp",pozitif,,pozitif,,,,pozitif,,0
4267,negatif,val,"ttelefon gerçekten harika. ancak...!!! sar değeri çok yüksek, hem kafa hemde vücut için. vaadedilen teknoloji için sağlığınızı riske atmayın.","Qp,Pn",,,pozitif,negatif,,,,,0
4268,negatif,test,"ürün mdf değil sunta, üzerindeki renkler de boya değil yapışkanlı kağıt.",Qn,,,negatif,,,,,,0
4269,pozitif,test,"hepsi̇ burada dan kendi̇me zenfone 5 oğluma bu ci̇hazi aldim.ekran parlakliği,kamerasi i̇nceli̇ği̇ ve hafi̇fli̇ği̇ i̇le çok güzel bi̇r ci̇haz.tek olumsuz yani hari̇ci̇ kart desteği̇ olmamasi.tavsi̇ye ederi̇m.","Pp*,Bp,Qp",,,pozitif,pozitif,pozitif,,,performans,1
4270,pozitif,test,ürünü perşem günü sipariş verdim salı günü elime geçti resimdeki gibi göründüğü boyutta güzel bir ürün fiyatıtada uygun herkese tavsiye ederim.,"Kx,Gp,Bp,Fp,Qp",nötr,pozitif,pozitif,,pozitif,pozitif,,,0
4271,negatif,val,yorumları okumadan aldım.fiyatı uygun koku durumuna bakamadım ama aşırı sert şekil bile almıyor.,"Fp,Qn",,pozitif,negatif,,,,,,0
4272,negatif,test,max 5 mt yükseklik  kadar çekme diyor ama 1 metreden fazla basmıyor onun haricinde çekme gücü iyi,Pn*,,,,negatif,,,,performans,1
4273,pozitif,val,"ürün harika 2 günde elime ulaştı. malzemesi kalitesi konforu mükemmel. yalnız dikkat edin, koltukta bulunan emniyet kemerini denerken sonuna kadar çekmişiz, kurtarana kadar çok ugrastık. aman siz yapmayın, sonrasında problem yok. on numara beş yıldız","Kp,Qp",pozitif,,pozitif,,,,,,0
4274,pozitif,test,ürün gayet başarılı. arabamı bir kaç yıkamadan sonra  dikkat çekecek şekilde parladığını gördüm. arabamın rengi gri. bence renkte önemli.,Qp,,,pozitif,,,,,,0
4275,negatif,val,"banyo dolaplarında suya-buhara dayanıklı olması nedeniyle mdf malzeme kullanılır, yonga-suntalam değil..",Qn,,,negatif,,,,,,0
4276,pozitif,test,daha önce hiç traş maikinesi kullanmamıştım. yorumları okuyarak aldım. memnun kaldım ürün gayet iyi. sinek kaydı traş yapıyor.tavsiye ederim. fiyatına göre çok iyi.,"Qp,Fp",,pozitif,pozitif,,,,,,0
4277,negatif,test,almayın kardeşim. ben aldım. hiç bi faydasını görmedim,Qn,,,negatif,,,,,,0
4278,negatif,test,"gayet uygun fiyatı ile burda bulabileceğiniz bir ürün; çinden ithal edildiğinden olsa gerek. lazım olduğunda gidip orda burda aramanıza gerek yok. yalnız m bedeni parmaklarıma dar geldi, keşke large alsaydım.","Fp,Bn",,pozitif,,,negatif,,,,0
4279,negatif,test,aldigima çok pişman oldum çok kalitesiz ince ve ucuz duruyor,"Qn,Gn",,,negatif,,,negatif,,,0
4280,negatif,test,hepsi burada.com kahve makinası yerine fritöz gönderdi. arkadaşıma doğum günü için almıştım. zamanında ulaşmadığı için üzüldüm.,"Sn,Kn",negatif,,,,,,negatif,,0
4281,pozitif,test,okulumuzda çay makinasının bozulması üzerine aldım.. daha önce çay içimiyormuşum.. abartmayı sevmem ama işini gerçekten iyi yapıyor ufak kusurları var ama sağlam makina....,Qp,,,pozitif,,,,,,0
4282,pozitif,val,marka..gp..ucuz..alın bi köşede dursun..ben garaj kapısının kumandasında kullanıyorum..,Fp,,pozitif,,,,,,,0
4283,negatif,val,2gblığını almıştım.yazma hızı 2-3mb/s hayli yavaş olduğu dikkatimi çekmişti ama 2gbta hız çok önemli değil.16gbta büyük boyutlarla çalışmak çekilmez olur.bu yüzden 16gb tercihimi başka markadan yana kullandım.biraz daha ekleyip 4-5 kat hızlısını almak mümkün.benden söylemesi.,Pn,,,,negatif,,,,,0
4284,pozitif,val,"kasa kalitesi ve tasarımı harika, eldeki kalite hissi tatminkar.","Qp,Gp",,,pozitif,,,pozitif,,,0
4285,negatif,val,alalı 1 ay oldu bozuldu bile ne kadar kalitesiz bi ürünmüş almayn sakın,Qn,,,negatif,,,,,,0
4286,negatif,val,ürün 1 kere şarj ediyor etmiyor bence daha kaliteli bir ürün alınabilir çok acil zamanlarda ideal bir ürün ama yeterli değil,Qn,,,negatif,,,,,,0
4287,negatif,test,"bebeğe bu urunu kullananin aklina şaşarim, topuk taşı mu yolladilar anlamadim, kutuk gibi, araba takozu gibi sert.",Qn,,,negatif,,,,,,0
4288,negatif,val,resimdeki kadar büyük değil. onun dışında a4 ve hepsiburada kalitesiyle hızlı teslim.,"Bn,Kp",pozitif,,,,negatif,,,,0
4289,negatif,val,"ürnü kullandım fakat pek memnun kalmadım, etkileyeci ve kalıcı bir koku değil. almak isteyenlerin iki defa düşünmesini dilerim. indirime girdi diye hemen zıplamamak lazım.","Pn,Qn",,,negatif,negatif,,,,,0
4290,pozitif,test,"fresh hafif bir kokusu var eşime almıştım çok beğendi tavsiye ederim tam yazlık bir koku, yaz da yaklaşıyor zaten baymayan notaları hoş bir koku. tavisye olunur.","Pp,Qp",,,pozitif,pozitif,,,,,0
4291,pozitif,val,ürün güzel. bu fiyata bu özellikte başka telefon yok. kamera çok net. cihaz çok hızlı. 4.5 g olması 3 gb ram 32 gb bellek daha ne olsun. kaçırmayın arkadaşlar. hepsiburada.com a teşekkürler.,"Fp,Pp,Qp",,pozitif,pozitif,pozitif,,,,,0
4292,pozitif,test,"çok güzel bir ürün. eşime aldım. çok beğendi. hem gümüş, hem pırlanta ve hemde ametist taşının olduğu kolye. beğeneceğinizi umuyorum.tavsiye ederim.",Qp,,,pozitif,,,,,,0
4293,pozitif,val,1-) ekran karti 940m degil 940mx ki gayet basarili bir ekran karti,Pp,,,,pozitif,,,,,0
4294,pozitif,val,türkçe: allah sizden razı olsun siz bize çok iyi bir alet gönderdiniz,Qp,,,pozitif,,,,,,0
4295,negatif,test,"yorumlara bakarak aldım lakin powerbankı sabaha kadar şarj yaptım,sonra iphoneyi 1 kere tam doldurdum,2.defa doldurayım dedim %17 de ışıkları söndü powerbankın ???",Qn,,,negatif,,,,,,0
4296,negatif,test,kabını acele edip atmasaydım kesin iade ederdim. küçük ve dökülenleri toplama konusunda yetersiz.çünkü öne doğru yapılan kavisli kısım yumuşak olduğundan cebin açık durmasını engelliyor. cep açık olmayınca da dökülenleri alamıyor,"Bn,Pn",,,,negatif,negatif,,,,0
4297,pozitif,val,ürün çok kısa bir sürede elime ulaştı bu seti almadan önce çok araştırma yaptım bu set içerisinde 3 adet çok güzel etkinlik kitabı bulunmakta bu set tam benim çocuğuma göre bir set herkese tavsiye ederim iç görselliğide harika.,"Kp,Qp,Gp",pozitif,,pozitif,,,pozitif,,,0
4298,negatif,val,- basit bir radyo için yüksek fiyata sahip.,Fn,,negatif,,,,,,,0
4299,pozitif,val,kaliteli bir ürünü uygun fiyata aldım tavalarım çok çok güzel hiç yapışmadan kullanıyorum almak isteyenlere tavsiye ederim,"Qp,Fp,Pp",,pozitif,pozitif,pozitif,,,,,0
