id,text,raw
4250,"herkesin elinde görüyorum bu kitabı, merak edip aldım.",0
4251,mamayi yedi̇ği̇ gi̇bi̇ i̇sal oldu düzelmedi̇ royal cani̇nden den geri̇si̇ boş onunla düzeltti̇m alirken i̇ki̇ kere düşünün.,Qn
4252,ürünü teslim aldım ve hemen kahve keyfimizi yaptık. kullanımı ve temizliği çok kolay. teşekkürler hepsiburada.com ailesi.,"Kx,Pp"
4253,"ufak bi ledi de olsaydı daha kullanışlı olurdu, uzun yolculuklarda at arabaya...",Px
4254,diğer saç düzleştiriciler gibi elektriklenme yapmıyor ayrıca çoğuda saçın yağlanmasına neden oluyor ancak bu üründe böyle bir etki görmedim çok beğendim her gün rahatlıkla kullanabiliyorum.,"Pp,Qp"
4255,"ilk traş makinem, alışmam zaman aldı ama sinekkaydıya yakın bir traş oldu. temizleme aparatı gerçekten başarılı","Qp,Pp"
4256,"ürün bu öğlen elime geçti. hafifliği ile dikkatimi çekti. görüntüsü, fonksiyonları, yayınları yakalama becerisi açısından beğenimi oldukça kazandı. ev içi kullanımı açısından oldukça güçlü ve net bir sese sahip.","Bp,Gp,Pp,Qp"
4257,"film ,mp3, video, resim unut bunları, az sayıda program",Pn
4258,yatak haline getirip açtığınızda menteşeleri (4 adet) kumaşın altından çıktığı için üzerine bir şilte atmadan yatamazsınız.,Pn
4259,sınıfınızda şöyle orta boyutlarda kullanışlı bir mantar panonuz olsun istiyorsanız bu ürün tam size göre! boşuna marangozda yaptırmaya uğraşmayın 3 gün içinde elinizde...,"Bp,Kp"
4260,"çok yavaş, her oturum açılışında saati güncellemek gerekiyor. parasını kesinlikle hak etmiyor. geliştirmeye müsait değil. asla tavsiye etmem. şimdiye kadar hepsiburada dan aldığım en kötü ürün.","Pn,Fn,Qn"
4261,cok guzel bi ütü. piyasaya göre cok düşük fiyata yine hepdiburada sayesinde ayağımıza geldı. cok cabuk ıstıyor ve buhar gucu kuvvetli. kesinlikle oneririm. ihtiyacı olan hiç dusunmeden alabilir,"Fp,Kp,Pp,Qp"
4262,boyutları çok büyük geldi bize. ayrıca üründe darbeler vardı. sıfır olduğu konusunda tereddütler vardı. çok ağırdı. i̇ade ettik. ancak yazı yazılacak kısım gayet iyi görünüyordu.,"Bn,Kn"
4263,ürün süper ve eli̇me cok hizli sekilde ulaşti..,"Kp,Qp"
4264,renk seçeneği yoktu. yeşil gelmiş olsun. pratik birazda idareten bir ürün,Gn
4265,"gimpet malt softu uzun yıllardır kullanıyorum. diğer markaların malt ürünlerine kıyasla lezzet, kıvam ve etkinlik düzeyi çok yüksek. hepsiburadada her zaman uygun fiyatla bulabiliyorum ayrıca kargoyla evime kadarbir gün içinde ulaştırılıyor. herkese tavsiye ederim.","Pp,Fp,Kp"
4266,almadan önce tereddütlerim vardı yorumları okuduktan sonra almaya karar verdim çok iyi bir telefon herkese tavsiye ederim. sipariş verdikten sonra 2 gün içinde elimde tam ve eksiksiz olarak elime geçti.,"Kp,Sp,Qp"
4267,"ttelefon gerçekten harika. ancak...!!! sar değeri çok yüksek, hem kafa hemde vücut için. vaadedilen teknoloji için sağlığınızı riske atmayın.","Qp,Pn"
4268,"ürün mdf değil sunta, üzerindeki renkler de boya değil yapışkanlı kağıt.",Qn
4269,"hepsi̇ burada dan kendi̇me zenfone 5 oğluma bu ci̇hazi aldim.ekran parlakliği,kamerasi i̇nceli̇ği̇ ve hafi̇fli̇ği̇ i̇le çok güzel bi̇r ci̇haz.tek olumsuz yani hari̇ci̇ kart desteği̇ olmamasi.tavsi̇ye ederi̇m.","Pp*,Bp,Qp"
4270,ürünü perşem günü sipariş verdim salı günü elime geçti resimdeki gibi göründüğü boyutta güzel bir ürün fiyatıtada uygun herkese tavsiye ederim.,"Kx,Gp,Bp,Fp,Qp"
4271,yorumları okumadan aldım.fiyatı uygun koku durumuna bakamadım ama aşırı sert şekil bile almıyor.,"Fp,Qn"
4272,max 5 mt yükseklik  kadar çekme diyor ama 1 metreden fazla basmıyor onun haricinde çekme gücü iyi,Pn*
4273,"ürün harika 2 günde elime ulaştı. malzemesi kalitesi konforu mükemmel. yalnız dikkat edin, koltukta bulunan emniyet kemerini denerken sonuna kadar çekmişiz, kurtarana kadar çok ugrastık. aman siz yapmayın, sonrasında problem yok. on numara beş yıldız","Kp,Qp"
4274,ürün gayet başarılı. arabamı bir kaç yıkamadan sonra  dikkat çekecek şekilde parladığını gördüm. arabamın rengi gri. bence renkte önemli.,Qp
4275,"banyo dolaplarında suya-buhara dayanıklı olması nedeniyle mdf malzeme kullanılır, yonga-suntalam değil..",Qn
4276,daha önce hiç traş maikinesi kullanmamıştım. yorumları okuyarak aldım. memnun kaldım ürün gayet iyi. sinek kaydı traş yapıyor.tavsiye ederim. fiyatına göre çok iyi.,"Qp,Fp"
4277,almayın kardeşim. ben aldım. hiç bi faydasını görmedim,Qn
4278,"gayet uygun fiyatı ile burda bulabileceğiniz bir ürün; çinden ithal edildiğinden olsa gerek. lazım olduğunda gidip orda burda aramanıza gerek yok. yalnız m bedeni parmaklarıma dar geldi, keşke large alsaydım.","Fp,Bn"
4279,aldigima çok pişman oldum çok kalitesiz ince ve ucuz duruyor,"Qn,Gn"
4280,hepsi burada.com kahve makinası yerine fritöz gönderdi. arkadaşıma doğum günü için almıştım. zamanında ulaşmadığı için üzüldüm.,"Sn,Kn"
4281,okulumuzda çay makinasının bozulması üzerine aldım.. daha önce çay içimiyormuşum.. abartmayı sevmem ama işini gerçekten iyi yapıyor ufak kusurları var ama sağlam makina....,Qp
4282,marka..gp..ucuz..alın bi köşede dursun..ben garaj kapısının kumandasında kullanıyorum..,Fp
4283,2gblığını almıştım.yazma hızı 2-3mb/s hayli yavaş olduğu dikkatimi çekmişti ama 2gbta hız çok önemli değil.16gbta büyük boyutlarla çalışmak çekilmez olur.bu yüzden 16gb tercihimi başka markadan yana kullandım.biraz daha ekleyip 4-5 kat hızlısını almak mümkün.benden söylemesi.,Pn
4284,"kasa kalitesi ve tasarımı harika, eldeki kalite hissi tatminkar.","Qp,Gp"
4285,alalı 1 ay oldu bozuldu bile ne kadar kalitesiz bi ürünmüş almayn sakın,Qn
4286,ürün 1 kere şarj ediyor etmiyor bence daha kaliteli bir ürün alınabilir çok acil zamanlarda ideal bir ürün ama yeterli değil,Qn
4287,"bebeğe bu urunu kullananin aklina şaşarim, topuk taşı mu yolladilar anlamadim, kutuk gibi, araba takozu gibi sert.",Qn
4288,resimdeki kadar büyük değil. onun dışında a4 ve hepsiburada kalitesiyle hızlı teslim.,"Bn,Kp"
4289,"ürnü kullandım fakat pek memnun kalmadım, etkileyeci ve kalıcı bir koku değil. almak isteyenlerin iki defa düşünmesini dilerim. indirime girdi diye hemen zıplamamak lazım.","Pn,Qn"
4290,"fresh hafif bir kokusu var eşime almıştım çok beğendi tavsiye ederim tam yazlık bir koku, yaz da yaklaşıyor zaten baymayan notaları hoş bir koku. tavisye olunur.","Pp,Qp"
4291,ürün güzel. bu fiyata bu özellikte başka telefon yok. kamera çok net. cihaz çok hızlı. 4.5 g olması 3 gb ram 32 gb bellek daha ne olsun. kaçırmayın arkadaşlar. hepsiburada.com a teşekkürler.,"Fp,Pp,Qp"
4292,"çok güzel bir ürün. eşime aldım. çok beğendi. hem gümüş, hem pırlanta ve hemde ametist taşının olduğu kolye. beğeneceğinizi umuyorum.tavsiye ederim.",Qp
4293,1-) ekran karti 940m degil 940mx ki gayet basarili bir ekran karti,Pp
4294,türkçe: allah sizden razı olsun siz bize çok iyi bir alet gönderdiniz,Qp
4295,"yorumlara bakarak aldım lakin powerbankı sabaha kadar şarj yaptım,sonra iphoneyi 1 kere tam doldurdum,2.defa doldurayım dedim %17 de ışıkları söndü powerbankın ???",Qn
4296,kabını acele edip atmasaydım kesin iade ederdim. küçük ve dökülenleri toplama konusunda yetersiz.çünkü öne doğru yapılan kavisli kısım yumuşak olduğundan cebin açık durmasını engelliyor. cep açık olmayınca da dökülenleri alamıyor,"Bn,Pn"
4297,ürün çok kısa bir sürede elime ulaştı bu seti almadan önce çok araştırma yaptım bu set içerisinde 3 adet çok güzel etkinlik kitabı bulunmakta bu set tam benim çocuğuma göre bir set herkese tavsiye ederim iç görselliğide harika.,"Kp,Qp,Gp"
4298,- basit bir radyo için yüksek fiyata sahip.,Fn
4299,kaliteli bir ürünü uygun fiyata aldım tavalarım çok çok güzel hiç yapışmadan kullanıyorum almak isteyenlere tavsiye ederim,"Qp,Fp,Pp"
