no,no_40,id,split,pool_label,raw_gorkan
1,1,4055,test,negatif,Qn
2,2,4031,val,pozitif,"Fp,Qp"
3,3,4298,val,negatif,Fn
4,4,4113,test,negatif,"Pn,Fn"
5,5,4285,val,negatif,Qn
6,6,4286,val,negatif,Qn
7,7,4192,test,pozitif,"Pn,Fp"
8,8,4221,val,negatif,Qn
9,9,4248,test,negatif,Qn
10,10,4129,test,pozitif,"Qp,Fp"
11,11,4047,val,negatif,"Qn,Kp"
12,13,4188,val,pozitif,"Qp,Fp"
13,14,4125,val,pozitif,Pp
14,15,4282,val,pozitif,Qp
15,18,4297,val,pozitif,"Kp,Qp"
16,19,4279,test,negatif,Qn
17,20,4141,test,pozitif,"Kp,Pp"
18,23,4005,test,pozitif,Qp
19,25,4062,test,pozitif,"Kp,Qp,Pp"
20,29,4144,test,negatif,Pn
