id,text,label,source
750,daha yeni siparis ettim ertesi gun gelmek nedir yahuuu?? :),pozitif,belirsiz
751,ahşap için: 4 5 6 8 mm,nötr,belirsiz
752,normal süngerden farklı işe yarar ürün,pozitif,belirsiz
753,düzenli kullanımda tüylerin çıkmasını geciktriyor ve azaltıyor.,pozitif,rastgele
754,5 üzerinden 5 fazla bir şey demeye gerek yok,pozitif,rastgele
755,dısarıya gore bayagı karlı eyvallah,pozitif,belirsiz
756,gayet iyi..,pozitif,belirsiz
757,"şeffaf hazne olması,hepa filitre olması ve gövdesinin mini olması artı",pozitif,belirsiz
758,3-usbden film oynatma güzel,pozitif,belirsiz
759,ürün az önce elime geçti hevesle hemen denedim,nötr,rastgele
760,fazla iyi soğuttuğu söylenemez ama şık,nötr,belirsiz
761,"kullanımı çok basit ve kolay öğreniliyor,",pozitif,belirsiz
762,gelelim ürün incelemelerime;,nötr,belirsiz
763,hızlı kargo kalite tskler memnun oldum,pozitif,rastgele
764,hem hizmet hemde fiyat  açısından çok iyi,pozitif,rastgele
765,ön kamera arka kamera miss .,pozitif,belirsiz
766,metal borular biraz dayanıksız gibi,negatif,belirsiz
767,resimdekinden daha güzel tereddütsüz alabilirsiniz,pozitif,rastgele
768,çok şık.bu fiata bu kalite gayet iyi,pozitif,rastgele
769,çok pratik ve küçük.yalnız içinden üçgen tost aparatı çıkmadı.,nötr,belirsiz
770,dediğim gibi orjinal değil fakat fıyatına göre iyi,pozitif,belirsiz
771,fiyat ve hızlı kargo için tesekkür ederim,pozitif,rastgele
772,+ yapısı sağlam.,pozitif,belirsiz
773,sıkınca güzel kokuyor ancak sonra soğan gibi kokusu var almayın,negatif,rastgele
774,"sipariş verdik, kargo getirdi ve servis kurdu.sonuç; bir hayal kırıklığı",negatif,rastgele
775,entegre anti-kireç sistemi :var,nötr,belirsiz
776,+mercek ler kaliteli,pozitif,belirsiz
777,ben 2 ay önce aldım hiç bişey olmadı,nötr,belirsiz
778,merhaba arkadaşlar;,nötr,belirsiz
779,süper batarya cok memnun kaldım,pozitif,rastgele
780,çok güzel bir kitap alınmasını tavsiye ederim,pozitif,rastgele
781,ikinci prima ile büyüyen bebeğim,pozitif,belirsiz
782,tabi bunu kullandıktan sonra beyazlatıcı diş macunu kullanmanızı öneririm,nötr,rastgele
783,3--ürün şık ve kibar görünümlü,pozitif,rastgele
784,denedim çalışıyor dayanıklı görünüyor. evde  kesinlikle yeter,pozitif,rastgele
785,hızlı -orjinal ve uygun fiyat. teşekkürler hepsiburada,pozitif,rastgele
786,memnun kaldım ürün zamanın da geldi,pozitif,rastgele
787,hızlı,pozitif,rastgele
788,teşekkürler en hızlı şekilde elime geçti,pozitif,rastgele
789,kamera özellikleri dokinmatigi güzel,pozitif,belirsiz
790,"telefonu altı aydır kullanıyorum.tasarımı,ekranı,",nötr,belirsiz
791,6-) hoparlörler bu laptop için biraz düşük kalıyor,negatif,belirsiz
792,. ısınma yok,pozitif,belirsiz
793,urunun fiyatina gore performansi tatmin edici,pozitif,rastgele
794,küçük ve güzel.,pozitif,belirsiz
795,"beklediğim gibi ,ürün zamanında ulaştı tşk",pozitif,rastgele
796,gayet sık,pozitif,rastgele
797,gayet güzel ve gerekli..,pozitif,rastgele
798,hi̇ç bi̇r i̇şe yaramiyor...kapaklari korkunç koku yapiyor çay may i̇çi̇lmi̇yor,negatif,rastgele
799,simdi her gun yerleri siliyorum :),pozitif,belirsiz
800,yazıcı güzel yazıyor çözünürlüğü okunaklı.bu fiyata 2 adet kartuş alırsınız,pozitif,belirsiz
801,yeni aldim daha kullanmadim ama hizmetten sorumluluktan menmunum,pozitif,belirsiz
802,1 yıldızı geç yükleme için kesiyorum .,nötr,rastgele
803,bu ürünün ikilisinin marketlerdeki fiyatına 4lü veriyorlar.,pozitif,belirsiz
804,karton üzerine mantar desenli kağıt,nötr,belirsiz
805,ekran çözünürlüğü düşük.zil sesi oldukça,negatif,rastgele
806,urun guzel. sadece mutfak kapisina uydugundan mutfakta barfiks cekiyorum :),pozitif,belirsiz
807,araç : 2001 skoda felicia 1.3glxi,nötr,belirsiz
808,4m2  ye kadar  olan yerler icin bir tanesi yeterli.,nötr,belirsiz
809,arkadaslar kitabı okumanızı tavsiye ederim.... kitap elime geçti. ..,pozitif,belirsiz
810,2 haftadır kulanıyorum ve çok memnunum...,pozitif,rastgele
811,ürün gayet ince ve hafif tavsiye ederim.,pozitif,rastgele
812,fiyat&adet avantajı ve servis kalitesi iyi bir ürün.heryerde bulunmuyor.,pozitif,belirsiz
813,uzun vadede neler olcak gorecegiz.,nötr,belirsiz
814,fenadegil ama agızduşu olan çok daha etkin,nötr,belirsiz
815,fiyatına göre başarılı bir ürün tavsiye ederim.,pozitif,rastgele
816,hesaplı,pozitif,rastgele
817,resi̇mdeki̇nden epey büyük ben bi̇le oğlumla oynuyorum,pozitif,belirsiz
818,çok çok iyi harika ürün,pozitif,rastgele
819,not : album temmuz 2008 de li̇stelere 1 numaradan gi̇rmi̇şti̇r....,nötr,rastgele
820,24 saat geçmeden teslim ve çok korunaklı paketleme.tebrikler ve teşekkürler.,pozitif,rastgele
821,fiyatına göre iyi zamanında teslimat ve kurulum orjinal ambalajında,pozitif,rastgele
822,kesinlikle harika .fiyat performansı çok iyi.,pozitif,rastgele
823,kullandıktan sonra araçta tekleme yaşadım ama bir süre sonra geçti,nötr,belirsiz
824,şarj cihazı ile birkez doldurup defalarca şarj ediyorum,pozitif,belirsiz
825,hizli servis guzel telefon tesekkurler,pozitif,rastgele
826,xiaomi yani yeni adıyla mi,nötr,rastgele
827,arkadaşlar  ben  1992 model  m 23 dizel  iveko   ya  kolandım,nötr,belirsiz
828,bu fiyat+zamanında teslimat mükemmel,pozitif,rastgele
829,ürün çift katlıdır çok güzel kokuyor mükemmel,pozitif,rastgele
830,traş makinesi diyince braundan başka alınmaz ama...,nötr,belirsiz
831,açıklamaya aldandim okul kimlik karti için aldım ufak geldi,negatif,rastgele
832,klasik diş fırçalarina göre daha iyi temizlik yapıyor.,pozitif,belirsiz
833,matador hakkında:,nötr,belirsiz
834,gayet güzel bir ürün tavsiye ederim...,pozitif,rastgele
835,i̇nternette sayfa yüklemeler yeterince hızlı. az da olsa takılmalar oluyor.,nötr,belirsiz
836,kaliteli ürün uygun fiyata,pozitif,rastgele
837,bu fiyata kaliteli bir batarya tavsiye ederim,pozitif,rastgele
838,eşler için iyi bir başlangıç,pozitif,belirsiz
839,birinci kitap gibi yıne soft kalan bır uslubu var..,nötr,belirsiz
840,paketleme güzel ürün den memnun kaldım,pozitif,rastgele
841,küçük ev işleriniz için kullnişli̇,pozitif,belirsiz
842,"kurulum kolay, ses kalitesi çekim gücü güzel.",pozitif,rastgele
843,"hepsi burada , her zaman bir numara",pozitif,rastgele
844,basarili ve cok hizli. teşekkürler,pozitif,rastgele
845,6. hafıza!,nötr,belirsiz
846,içinde rekli kartuş ta çıktı 5 yildiz,pozitif,belirsiz
847,eğer çok baskınız varsa kesinlikle alınabilir.,nötr,belirsiz
848,"2 ki̇şi̇ dişarida balik yeseni̇z en hafi̇fi̇nden 70-80 li̇ra gi̇di̇yor,",nötr,belirsiz
849,şarj yeterliliği : 6/10,nötr,belirsiz
850,kesinlikle almanızı öneriyorum itinayla paketleme hızlı gönderim teşekkürler,pozitif,rastgele
851,kullanışlı ??,nötr,rastgele
852,ıslakken sıktığınızda büzüşüp kalmıyor,pozitif,belirsiz
853,bacaklarıma uyguladığım senans sayısının hesabı yok,nötr,rastgele
854,gerçekten mükemmel,pozitif,rastgele
855,enjektor temizligi yaptirmak isteyen arkadaslar oncelikli olarak bunu denesin.,pozitif,belirsiz
856,başarilarinizin devamini di̇leri̇m.,nötr,rastgele
857,"merhaba herkese,",nötr,belirsiz
858,gerçekten duvarda sağlam duruyor.tavsiye ederim,pozitif,rastgele
859,güzel raket,pozitif,rastgele
860,teşekkürler. beğendim.,pozitif,rastgele
861,yillardir ai̇lemi̇zi̇n kullandiği şampuan tavsi̇ye ederi̇m,pozitif,rastgele
862,"pi̇l dolunca kirmizi yeşi̇le dönüyor, başka ci̇hazlarda olmuyordu",pozitif,belirsiz
863,5000 lik bir powerbank alıyormuş gibi düşünün hayal kırıklığına uğramayın,nötr,belirsiz
864,muhteşem bi̇r telefon ... büyüklüğü hari̇ka,pozitif,rastgele
865,"rengi turuncu, kokusu tutun kolonyasina benziyor.",nötr,belirsiz
866,bu ürün de güzel tavsiye edilir,pozitif,rastgele
867,"birçok markaya göre fiyatı uygun, kullanımı kolay.",pozitif,rastgele
868,hızlı kargo ve orjinal kaliteli ürün için teşekkürler,pozitif,rastgele
869,bu fiyata kaçırılmaz bir fırsat,pozitif,rastgele
870,çok çok güzel ki bu harika,pozitif,rastgele
871,aldığım ürün çok güzel hiç bir sıkıntı yaşamadım.,pozitif,rastgele
872,süper onlenlaolmadığı iin iadeetitim anlatıldığı gibiydi,nötr,belirsiz
873,fiyatına göre cok iyi bir ürün çok memnunuz,pozitif,rastgele
874,tesekkurler tesekkurler tesekkurler tesekkurler tesekkurler,nötr,rastgele
875,benim gibi aracınız devamlı temiz kalsın derseniz alın derim.,pozitif,belirsiz
876,hiç düşünmeden alın diyorum.,pozitif,rastgele
877,ürün en kısa sürede elim e ulaştı.teşekkürler,pozitif,rastgele
878,hepsiburada.com çalışanlarına teşekkürler.,nötr,rastgele
879,kullanım kitapçığını okuyun her biri için su miktarını ayrı  ayarlıyabiliyorsunuz.,nötr,belirsiz
880,alacak olanlara tavsiye ederim,pozitif,rastgele
881,hizli tesli̇mat ve kali̇teli̇ ürün teşekkürler hepsi̇burada.com :),pozitif,rastgele
882,suyun tadindan cok memlun kaldik. bu fiyata sahane.,pozitif,rastgele
883,hemen elime ulaştı.,pozitif,rastgele
884,evimde 1 tane varken bir tane daha aldim.,pozitif,belirsiz
885,fiyata gore guzel is gorur...,pozitif,belirsiz
886,başkasıyla konuşma orta,nötr,belirsiz
887,ürün kullanımı ve işlev olarak çok iyi,pozitif,rastgele
888,erken kargo harika paketleme ve ürün muthiş daha ne olsun??,pozitif,rastgele
889,* kutudan askı aparatı çıkması,nötr,belirsiz
890,sorunsuz tektek ugrasmaktansa bu set alınır,pozitif,rastgele
891,5 aydir kullaniyorum,nötr,rastgele
892,guzel bir bilgisayar.. tek sikintisi power dugmesi cok kullanisli degil,nötr,belirsiz
893,şimdilik iyi sayılır ilerleyen zamanlarda tekrar paylaşırım,pozitif,belirsiz
894,buna rağmen i̇dare eder,nötr,rastgele
895,ürünü annem için aldım,nötr,belirsiz
896,sweat sauna eşofmanı bende yaklaşık iki hafta önce aldım.,nötr,belirsiz
897,sert zemin performansı: a,pozitif,rastgele
898,sağlam ve eksiksiz elime ulaştı. teşekkürler hb.,pozitif,rastgele
899,ürün güzel rakamlar büyük ve mavi ışıklı,pozitif,belirsiz
900,"avni oğlum, tahirin torunu! demişti ona.",nötr,belirsiz
901,şahsen arada bir yabancı kanallardan haber izliyorum.,nötr,rastgele
902,"ön kamerasının olmadığını biliyorsanız, gerisi gayet güzel.",pozitif,belirsiz
903,%25 dolu ise 1 led,nötr,rastgele
904,fiyat kalite karşılaştırması olarak kabul edilebilir alınabilir,pozitif,belirsiz
905,sıcaklık (metrik),nötr,belirsiz
906,10 numara alacağım bu veya mate8 gelirse o.,nötr,belirsiz
907,piyasada genellikle (sim+sim veya sim+sd) modeli satılmakta.,nötr,belirsiz
908,diğer ürünlere göre fiyatı gayet iyi ve işinizi görür,pozitif,rastgele
909,yorumlara bakarak bu ürünü seçtim. ürün kaliteli... i̇şini fazlasıyla yapıyor...,pozitif,rastgele
910,cok kotu degil ama kamera sabitleyici vb diger cihazlara gore,nötr,belirsiz
911,"ürün orjinal , kargo hızlı , kokusu hoş.",pozitif,rastgele
912,kapına kadar gelen basit ve güzel bir hizmet. teşekkürler.,pozitif,rastgele
913,tanesi 50 kuruş ve  altında olması yeterli.,nötr,belirsiz
914,tek doluma mahsus gayet iyi bir ürün.,pozitif,belirsiz
915,ürün oldukça kullanışlı her şeyi yapabiliyosunuz ben beğendim pişman değilim,pozitif,rastgele
916,"sesi biraz fazlaca, başkada kusuru yok.",pozitif,belirsiz
917,"kullanımına gelince, gerçekten i̇lk kullanımda fark ediliyor.",pozitif,rastgele
918,3000 mah telefonumu 3 den fazla sarj etmesi lazim,nötr,rastgele
919,sağlam ve dayanıklı görünüyor.,pozitif,rastgele
920,i̇şini görüyor.,pozitif,belirsiz
921,5 numara bezin içinden 4 paket 4+ bez çıktı.,nötr,rastgele
922,koltuk çok rahat..,pozitif,rastgele
923,ayşe solak,nötr,belirsiz
924,sipariş verdim parfümümü bekliyorum.,nötr,belirsiz
925,ürün kaliteli ve doğal  kokusu iyi  tavsiye ederim.,pozitif,rastgele
926,koku : 10/10,pozitif,belirsiz
927,kolay ve pratik elektrik süpürge,pozitif,rastgele
928,bu yüzden 4 yıldız,nötr,belirsiz
929,+ yazılım güncelleme desteği,pozitif,belirsiz
930,ürün orjinal gayet iyi çalışıyor. paketine aldanmayın,pozitif,belirsiz
931,tıraş olmayı daha keyifli hale getiriyor.,pozitif,belirsiz
932,"beklediğim gibi hızlı veri akışı,kaliteli marka",pozitif,rastgele
933,siz hiç gezip dolaşmayın hemen alınnnnn.,pozitif,belirsiz
934,ebru,nötr,belirsiz
935,daha iyi olabilir,negatif,rastgele
936,ben başka bir yerden motor blogu temizlemek amacı ile...,nötr,belirsiz
937,oğlum için aldım,nötr,belirsiz
938,tavsiye ederim isterseniz hızlı şarj özelliğide mevcut. kullanışlı ve güzel,pozitif,rastgele
939,her zaman 1 büyünü alın akudunuz için teşekkürler,nötr,belirsiz
940,fiyata karşılık iyi,pozitif,belirsiz
941,1 haftadır kullanıyorum gayet memnunum fiyat olarakta gayet iyi...,pozitif,rastgele
942,birazdan kendi evimede alacağım kesinlikle tavsiye ediyorum.,pozitif,rastgele
943,s7 sar,nötr,belirsiz
944,fiyat pahalı ürün güzel takmak kolay uzun süre dayanıyor.,pozitif,belirsiz
945,alanlara hayırlı olsun,nötr,rastgele
946,biraz daha sert olmasını beklerdim,negatif,belirsiz
947,"kumaşı çok güzel,",pozitif,belirsiz
948,"fiatına göre gayet uygun, montajı da basit, tavsiye ederim.",pozitif,rastgele
949,beklediğimden çok daha iyi çıktı çekinmeden alına bilir,pozitif,rastgele
950,çok hızlı uzun jarj,pozitif,belirsiz
951,cekinerek sipariş verdim ama iyi ki almışım harika..,pozitif,rastgele
952,oyun kasası topladım bu sistemde 10 sn de açılıyor,pozitif,belirsiz
953,beğendim gayet iyi. bi tek çaydanlık kapağı çok kalitesiz.,nötr,belirsiz
954,i̇lgi çekici şık ve fiyatı uygun teşekkürler hepsiburada ??,pozitif,rastgele
955,ölüyorum tanrım,nötr,belirsiz
956,şuanı ile basic bir tartı konumunda.,nötr,belirsiz
957,fiyatına göre iyi bir ürün..,pozitif,rastgele
958,şık bir görünümüde var. pişman olmazsınız ama kararsız kalabilirsiniz.,pozitif,belirsiz
959,i̇stediğim kalitede ürün zamanında elime geçti.,pozitif,rastgele
960,yer sıkıntınız varsan ufak birşey arıyorsanız kaliteli bu ürünü alabilirsiniz.,pozitif,rastgele
961,kargoya biraz geç verildi onun dışında fiyatı uygun,nötr,belirsiz
962,giysilerim gardropda ve şurda burda desem yeterlidir ...,nötr,belirsiz
963,sütun matkap ihtiyacı olanların rahatlıkla ve güvenle kullanabilecekleri bir ürün.,pozitif,rastgele
964,piyasaya göre çok uygun fiyat. kaçmaz.,pozitif,rastgele
965,arkadaşlar 1 ay içinde hem z2 hem de g3 aldım.,nötr,belirsiz
966,bu fiyata jett olur mu ? olmuş :),pozitif,belirsiz
967,daha ilk fırçalamada farkı hissediyorsun.almayı düşünenlere şiddetle tavsiye ederim,pozitif,rastgele
968,harekete geçimek isteyipte yerinizde sayanlardanmısınız,nötr,belirsiz
969,bir mısır manyağı olarak çok araştırdım. bu ürünü seçtim,nötr,rastgele
970,kışın kullanımı:6,nötr,belirsiz
971,"mat kalınlığı 1 cm. yumuşak bence gayet güzel, tavsiye ederim.",pozitif,rastgele
972,bu fiyata iyi bile bence alabilirsinz,pozitif,belirsiz
973,ama çok dikkatli kullanılmalı asla gereksiz kullanılmamalı.,nötr,belirsiz
974,"hediye olarak aldığım için detaylı bilgim yok, beğenildi, aktif kullanılıyor",pozitif,belirsiz
975,"ürün kısa sürede , zarar görmeden teslim edildi.",pozitif,rastgele
976,çok güzel bir ürün toplaması zor.,nötr,belirsiz
977,yalnız malzemesi hassas hor kullanmaya gelmez.,nötr,belirsiz
978,eyidir,pozitif,belirsiz
979,şaşırtıcı şekilde çok başarılı bir ürün. hiç şüphe duymadan alabilirsiniz.,pozitif,rastgele
980,hızlı gönderi ve gelen lastikler 2016 üretimi...,pozitif,rastgele
981,elime ulaştı güzel bi urun,pozitif,rastgele
982,"-geç kaynıyor gibi , ama çok değil. sorun olmaz.",pozitif,belirsiz
983,uzun zamandır kullandığım çok memnunum ürün orijinal. fiyat çok uygun,pozitif,rastgele
984,yaklaşık 200 metrekare evimde süper sonuç aldım. kesinlikle öneririm.,pozitif,rastgele
985,ürün gosterildiginden daha güzel çok güzel aydınlat ti tsk ederim,pozitif,rastgele
986,ancak kullanıcılara ek bir bilgi:,nötr,belirsiz
987,gercekten cok gguzel ve kullanisli bir urun iyiki almisim,pozitif,rastgele
988,ürün çok hoş fazla.araştırma yapmanıza.gerek yok..fiyat uygun.diyorsanız hemen alın..,pozitif,rastgele
989,ürün çok güzel ve kullanışlı sadece arka kapak zayıf duruyor,pozitif,belirsiz
990,krem değil losyon.ama kıvamı kremden daha kuru.kolay sürülüyor.her tarafınıza bulaşmıyor.,pozitif,belirsiz
991,herşey yazıldığı gibi.hiç bir aksilik yok.güvenilir satıcı.,pozitif,rastgele
992,eski bilgisayarim icin aldim ozellikleri,nötr,belirsiz
993,*şarjı 7saat filmle doya doya gidiyor son ekran ışığında,pozitif,rastgele
994,cizre/şırnak/türkiye,nötr,belirsiz
995,çaydanlık gayet kullanışlı. şu anda bir sıkıntı yok,pozitif,rastgele
996,aynı gün kargodaydı. ertesi gün aldım.teşekkürler hepsiburada...teşekkürler aras kargo...,pozitif,rastgele
997,"uygun fiyat, hiç bir farkı yok pahalı kağıtlar ile.",pozitif,belirsiz
998,sıcaklık,nötr,belirsiz
999,dişlerim seyrek olduğundan arayüz ile fırçalamak daha kolay ve etkili,pozitif,belirsiz
